displacement,time
0.0,0.0
0.0007234629796175924,1.0
0.001935410159197959,2.0
0.003489042285314274,3.0
0.005034164376973257,4.0
0.007871903372151103,5.0
0.008547636449899823,6.0
0.010369906125462923,7.0
0.01261875502309055,8.0
0.016074330217548508,9.0
0.01579747928204921,10.0
0.020133309385435817,11.0
0.02018179007262922,12.0
0.024088806078580067,13.0
0.026130361494602006,14.0
0.02704903590844898,15.0
0.027830648641549934,16.0
0.032671709092748615,17.0
0.03532355275886408,18.0
0.036418320880282073,19.0
0.03568347552609468,20.0
0.03791510893723083,21.0
0.03954806382664954,22.0
0.04314014106176318,23.0
0.045881292874442675,24.0
0.04953634374813995,25.0
0.04777685176734133,26.0
0.051214252610514974,27.0
0.05304618221560621,28.0
0.05335506230671919,29.0
0.057839776236165624,30.0
0.05813653444079645,31.0
0.06493277580345086,32.0
0.06331463516667327,33.0
0.06339843665646006,34.0
0.0711555367909326,35.0
0.06711479568730552,36.0
0.07461964753861672,37.0
0.07433696704811373,38.0
0.07724044197840545,39.0
0.0778620522976776,40.0
0.08034779819259558,41.0
0.0815502983130227,42.0
0.08110561883030817,43.0
0.08654904611235681,44.0
0.08491072025775005,45.0
0.09470793097812845,46.0
0.09072339540463596,47.0
0.09704301215397065,48.0
0.1011271079644876,49.0
0.09499737757155916,50.0
0.09670108999121266,51.0
0.10712493528042526,52.0
0.10072535766928482,53.0
0.10544716882434128,54.0
0.11350007723269112,55.0
0.10661199045651451,56.0
0.10887469930382838,57.0
0.11998433331041902,58.0
0.11407078270748552,59.0
0.11485997156899831,60.0
0.11686766233897788,61.0
0.1182769802902893,62.0
0.1322575302948038,63.0
0.1289692538851187,64.0
0.13000930130971936,65.0
0.1350689949522672,66.0
0.13456275650176452,67.0
0.13088219366207351,68.0
0.13206767601695052,69.0
0.1459938478377285,70.0
0.14761479395820518,71.0
0.1385047347216494,72.0
0.15132530902424654,73.0
0.14262284152995694,74.0
0.1482175238644047,75.0
0.15229024920711437,76.0
0.16155500334787484,77.0
0.16171644726460582,78.0
0.15916436754023724,79.0
0.15458301524558504,80.0
0.16839294936821464,81.0
0.16850319781345427,82.0
0.16285882564490206,83.0
0.17454091261417423,84.0
0.16971786499089006,85.0
0.17214764994546863,86.0
0.17125495690527873,87.0
0.1769776976880661,88.0
0.1737692599675577,89.0
0.1888694974184815,90.0
0.1902265315173622,91.0
0.18916042475640812,92.0
0.1794192174883973,93.0
0.19772589371062094,94.0
0.19954596502310284,95.0
0.1948473198846905,96.0
0.19637391061906165,97.0
0.19559421371615668,98.0
0.19414636082970202,99.0
0.20973615407862714,100.0
0.20424995851965266,101.0
0.19813459385291463,102.0
0.1986968378503422,103.0
0.20141189929453085,104.0
0.21541593466934958,105.0
0.22187156351314474,106.0
0.2225051280509086,107.0
0.21050287659670608,108.0
0.2109411135611087,109.0
0.22328996192991307,110.0
0.23032008424454187,111.0
0.23321157883102617,112.0
0.22208860110293238,113.0
0.2304104475004106,114.0
0.2420969193173036,115.0
0.22378645950230724,116.0
0.23806832530079602,117.0
0.24731705000004697,118.0
0.24178053907865044,119.0
0.23264355680533882,120.0
0.23397870092543738,121.0
0.2363676308937019,122.0
0.2447122718998091,123.0
0.248277768525222,124.0
0.2632408835903153,125.0
0.2453883727603921,126.0
0.26624827508683824,127.0
0.2519223325903572,128.0
0.2544802589021794,129.0
0.27411761180278943,130.0
0.2598287357669023,131.0
0.2719757950475115,132.0
0.25760766369669,133.0
0.2620171687431762,134.0
0.2818286202984107,135.0
0.28271774790362725,136.0
0.28772891079827384,137.0
0.2820479461714502,138.0
0.2940968715647472,139.0
0.2784259589835956,140.0
0.2737726374780734,141.0
0.29858884544339365,142.0
0.2782519240308058,143.0
0.28604169179353073,144.0
0.29611759996789383,145.0
0.29660417204281136,146.0
0.28647402470133015,147.0
0.295198637374354,148.0
0.31053649090496893,149.0
0.30448723492328145,150.0
0.3119428043759681,151.0
0.2967238703489763,152.0
0.30602620424586374,153.0
0.308775275675206,154.0
0.3047340998422945,155.0
0.30622711536259223,156.0
0.3070043691340161,157.0
0.33238497635824477,158.0
0.3093151524326943,159.0
0.32475457871015995,160.0
0.3369205506806779,161.0
0.31605431725209737,162.0
0.32069750045637774,163.0
0.3291914605829166,164.0
0.3494387984296726,165.0
0.34285853364859953,166.0
0.35266088213455316,167.0
0.33823070308795106,168.0
0.353666830215413,169.0
0.34680836884151073,170.0
0.34623147115186287,171.0
0.33452010411044963,172.0
0.3358502492724777,173.0
0.359311704234459,174.0
0.36189373689444765,175.0
0.34870960929636924,176.0
0.36499063798715486,177.0
0.3588212106689788,178.0
0.37816005889990056,179.0
0.3523124778654303,180.0
0.3687649659341817,181.0
0.35543432968810107,182.0
0.36277441361782947,183.0
0.3767839868255938,184.0
0.3749451772803213,185.0
0.3720674278591337,186.0
0.3888545964750489,187.0
0.3784278770400681,188.0
0.3995956108888393,189.0
0.36929283559745113,190.0
0.37387950577662066,191.0
0.3759757809805759,192.0
0.38536046210823377,193.0
0.4057143828362246,194.0
0.3896532515557188,195.0
0.3934600708910519,196.0
0.410116381547301,197.0
0.41784185236402116,198.0
0.38957140222981596,199.0
0.3946752767654057,200.0
0.3980905550268521,201.0
0.42632634305809897,202.0
0.41081607574424783,203.0
0.4314610311774569,204.0
0.4292469904620385,205.0
0.40733936857384107,206.0
0.4033766525329556,207.0
0.43923368404406365,208.0
0.4066948740513101,209.0
0.44597411888805977,210.0
0.44617931438072866,211.0
0.44748661958601593,212.0
0.41685966537652397,213.0
0.4244424666169704,214.0
0.4237079319748897,215.0
0.4482883620356395,216.0
0.4260400972679678,217.0
0.46266278989670184,218.0
0.4598498550521496,219.0
0.46624643544382144,220.0
0.4365795653858832,221.0
0.4694739321179138,222.0
0.46793322325162023,223.0
0.4464641280861151,224.0
0.4765879795890871,225.0
0.44843798993096906,226.0
0.4547461634326786,227.0
0.4437682026063234,228.0
0.45495599803715814,229.0
0.44786023503210304,230.0
0.46858440589779465,231.0
0.45721215238432084,232.0
0.4542387416338408,233.0
0.4685633023029138,234.0
0.47412402263836795,235.0
0.46403065242855424,236.0
0.4622775010795885,237.0
0.5024839232627665,238.0
0.4745811044913559,239.0
0.4753026422839604,240.0
0.4715549988990632,241.0
0.47810965601029753,242.0
0.4852710085058986,243.0
0.5138784903210841,244.0
0.4857909806502437,245.0
0.47923748636634234,246.0
0.4933625056001627,247.0
0.493427928832098,248.0
0.49806760781097914,249.0
0.5076558225656036,250.0
0.5030551442819893,251.0
0.4941707199058052,252.0
0.4952217094587545,253.0
0.528130047701955,254.0
0.5324240549160043,255.0
0.5388570788817502,256.0
0.5028865259733086,257.0
0.5160979597002496,258.0
0.5153425131947846,259.0
0.553231817670893,260.0
0.5094168961671438,261.0
0.5113957381559294,262.0
0.514043543562289,263.0
0.5232394368209744,264.0
0.530593221596189,265.0
0.5515393749365515,266.0
0.5662574443771073,267.0
0.5271321103030339,268.0
0.5671522818176801,269.0
0.5710946796367767,270.0
0.532798271902854,271.0
0.5378249681345945,272.0
0.5541929884753181,273.0
0.5696544534209748,274.0
0.5676779387911722,275.0
0.5379686418821665,276.0
0.5450210893640213,277.0
0.5552311338764746,278.0
0.5909582150315906,279.0
0.5503554186074945,280.0
0.554438846984647,281.0
0.5662595173024231,282.0
0.5676146177662863,283.0
0.5800540974841545,284.0
0.566728466458698,285.0
0.6080550211484231,286.0
0.5595325647624911,287.0
0.5703486337224016,288.0
0.612420661552383,289.0
0.6042072264958304,290.0
0.5687356391396565,291.0
0.5728085009233591,292.0
0.5950382001670036,293.0
0.5743398997589213,294.0
0.5821405257470567,295.0
0.5825294049093122,296.0
0.6154303071548319,297.0
0.6300626588514111,298.0
0.632200874841033,299.0
0.619892938631447,300.0
0.604922500170485,301.0
0.6317775195143086,302.0
0.6094935600724103,303.0
0.6094553536419575,304.0
0.6438440828908916,305.0
0.6246037440737576,306.0
0.6043956944185042,307.0
0.6462652654815165,308.0
0.6054436107925671,309.0
0.6211432484272761,310.0
0.6438965224693456,311.0
0.6110409706347819,312.0
0.6463929443128267,313.0
0.6186339611613277,314.0
0.6335253266078271,315.0
0.6694328343229355,316.0
0.6195527145650537,317.0
0.6585150497048823,318.0
0.6746860288157079,319.0
0.6592022466209643,320.0
0.6323214635074736,321.0
0.6604992200774259,322.0
0.6722236174075404,323.0
0.6726722079485574,324.0
0.6423648461043894,325.0
0.6408356904770939,326.0
0.6601210075789238,327.0
0.659501749511628,328.0
0.6954530560564092,329.0
0.6468928356161948,330.0
0.6812197009961025,331.0
0.687049906963113,332.0
0.7037574558126559,333.0
0.6961453174739516,334.0
0.6650374159761514,335.0
0.7013058211846317,336.0
0.7014697804057958,337.0
0.6950583981817454,338.0
0.7104460892325597,339.0
0.7201031679631346,340.0
0.7115783820978302,341.0
0.679352392155398,342.0
0.7072643192071963,343.0
0.672072338655688,344.0
0.6789455133131017,345.0
0.6782625036465314,346.0
0.7051214669646637,347.0
0.711177219359065,348.0
0.681789036127633,349.0
0.7329344889627453,350.0
0.6883905857698052,351.0
0.7466594993584597,352.0
0.7398373911793077,353.0
0.7489331180206465,354.0
0.7042530891782328,355.0
0.752872860617279,356.0
0.7095107209421141,357.0
0.7534682818818458,358.0
0.7016641027103668,359.0
0.7030753532689107,360.0
0.7143705310253987,361.0
0.7131487533825706,362.0
0.7165631744293443,363.0
0.7121454756524981,364.0
0.7415190972682723,365.0
0.7431741285115304,366.0
0.7177788581130691,367.0
0.7355350644872063,368.0
0.7209787451650606,369.0
0.7406621416349468,370.0
0.7273822361058634,371.0
0.7882198808207876,372.0
0.7460221675196086,373.0
0.7382290854946113,374.0
0.7936661119067938,375.0
0.7767236893619055,376.0
0.7655882221756628,377.0
0.7412491332345215,378.0
0.7401098283652721,379.0
0.7648815752880378,380.0
0.8082623105932654,381.0
0.8052533884421547,382.0
0.7669263643914374,383.0
0.7898511726254419,384.0
0.7662595248173162,385.0
0.7556553727949505,386.0
0.7678401944118649,387.0
0.7670227360074631,388.0
0.7607722885392014,389.0
0.8078652773436142,390.0
0.8284742010152178,391.0
0.7953263261311145,392.0
0.7701210200308916,393.0
0.777820626106163,394.0
0.8273465824188454,395.0
0.8139610059139843,396.0
0.7970456884504866,397.0
0.778848709992664,398.0
0.7864925864765341,399.0
0.8498193500647656,400.0
0.7830522826964548,401.0
0.8470966392077057,402.0
0.8439170270814326,403.0
0.7890308783792815,404.0
0.8084373407974955,405.0
0.8016060386813415,406.0
0.8367689126889322,407.0
0.8155711188099266,408.0
0.8252438079664152,409.0
0.8514554006462676,410.0
0.8128050072385519,411.0
0.8611331208247861,412.0
0.8067867903385184,413.0
0.8246003040325964,414.0
0.8103449201211484,415.0
0.878236704822977,416.0
0.8315159023865143,417.0
0.8410861598215232,418.0
0.8317521262175969,419.0
0.823821615357035,420.0
0.8319382020200583,421.0
0.825472515852408,422.0
0.8364034007652431,423.0
0.8618130777532282,424.0
0.8464977147535094,425.0
0.8571254045761956,426.0
0.904578753964978,427.0
0.8796581686810573,428.0
0.8491531870498654,429.0
0.875580834400232,430.0
0.8476315190999789,431.0
0.9003455303049553,432.0
0.8570431321660179,433.0
0.8666461036011838,434.0
0.9236869138357656,435.0
0.8531098833492838,436.0
0.9250682353995721,437.0
0.8713724019103029,438.0
0.9326185185569185,439.0
0.931297840515227,440.0
0.8689389805103588,441.0
0.8748381028740234,442.0
0.8686317450247085,443.0
0.8835262074824259,444.0
0.88793660648032,445.0
0.9310783813663105,446.0
0.9037061564105221,447.0
0.8885196131322008,448.0
0.8788860849606827,449.0
0.8928675737528217,450.0
0.9375028613362828,451.0
0.8968413806084703,452.0
0.8851869167215157,453.0
0.8926781552148952,454.0
0.9416056683663493,455.0
0.8955013867382484,456.0
0.9611763699545086,457.0
0.9299711587145878,458.0
0.9683586291768483,459.0
0.9133126499105716,460.0
0.9084180049468511,461.0
0.962016654594102,462.0
0.9702183699976324,463.0
0.9120313459021787,464.0
0.9878037457161252,465.0
0.9349825771377837,466.0
0.9213701769599605,467.0
0.9879258116493478,468.0
0.9948460028432096,469.0
0.970165062980005,470.0
1.0018050311776723,471.0
0.9515438094065988,472.0
0.9669753906272877,473.0
1.00091718505885,474.0
0.9297870103926603,475.0
0.9772864069467396,476.0
0.9886500448610197,477.0
0.9840269345735725,478.0
0.9745483935202329,479.0
0.9672351856331174,480.0
0.9942096098498221,481.0
1.0210744850987428,482.0
1.011659846009222,483.0
1.0292788109319528,484.0
0.9655964466435933,485.0
0.9770811048766879,486.0
1.011100440953201,487.0
0.9699511496032205,488.0
0.9577187277210508,489.0
0.991409131354416,490.0
0.9624839279072807,491.0
0.9991144827917111,492.0
0.9651263549787943,493.0
1.0509870362448432,494.0
0.968387306544044,495.0
1.0040328805202228,496.0
0.997213458524932,497.0
0.9892388860094116,498.0
0.9948448428382637,499.0
1.005383783391942,500.0
0.9822617802393117,501.0
1.0659795480273482,502.0
1.0462412500252487,503.0
1.019944762839966,504.0
0.9897144057389746,505.0
1.0663294701427695,506.0
0.9938129701291906,507.0
1.0069194251536933,508.0
1.0233437346948302,509.0
1.0218505004895688,510.0
1.0860893927960753,511.0
1.059645785328196,512.0
1.0071755447485669,513.0
1.0349208301240318,514.0
1.0154090316882967,515.0
1.0114376851345155,516.0
1.0820356122847896,517.0
1.0474050154054646,518.0
1.10002653409052,519.0
1.0590585889098392,520.0
1.0272894150786318,521.0
1.0220606772199166,522.0
1.0308313415577313,523.0
1.1015088742776245,524.0
1.0393707676029715,525.0
1.0945309389251159,526.0
1.1178037470123712,527.0
1.1203224410431278,528.0
1.0352136645282368,529.0
1.0437514725926356,530.0
1.0475583785147198,531.0
1.0411421806221628,532.0
1.043552044919203,533.0
1.1345669370060565,534.0
1.046314397253414,535.0
1.0876883201417893,536.0
1.0808625129804421,537.0
1.0558926015928962,538.0
1.0544780989487357,539.0
1.072805929643989,540.0
1.0665838641707635,541.0
1.060554213852425,542.0
1.0644575928530935,543.0
1.0856567324793616,544.0
1.1171177878317302,545.0
1.0715014006047592,546.0
1.0755442980913066,547.0
1.0924124447344126,548.0
1.0991895655999926,549.0
1.164660967794037,550.0
1.1568709845425067,551.0
1.156759953500594,552.0
1.1357274874688035,553.0
1.1332493923491602,554.0
1.1206445089735508,555.0
1.0917489756900254,556.0
1.1678001571709302,557.0
1.1384799075297742,558.0
1.1428344562084696,559.0
1.1087760518762155,560.0
1.0991506890840448,561.0
1.1925029257327395,562.0
1.1316933196385277,563.0
1.163627911481541,564.0
1.1079999999376018,565.0
1.1157900202141406,566.0
1.1322367235022335,567.0
1.1633915268971002,568.0
1.1364097374861004,569.0
1.1926741404121957,570.0
1.1618756964721761,571.0
1.182074452264776,572.0
1.2152061818101796,573.0
1.1260646783405466,574.0
1.2040082288353273,575.0
1.2136671568954729,576.0
1.2178377302680583,577.0
1.132762889687276,578.0
1.1339609097301426,579.0
1.2009909018911666,580.0
1.1559511683664145,581.0
1.2222587905880822,582.0
1.2369869159302167,583.0
1.2356635896605346,584.0
1.1489004532513747,585.0
1.2405118932160715,586.0
1.1635236792551886,587.0
1.2428542585415723,588.0
1.1658141297140265,589.0
1.184706612153113,590.0
1.1958322741285694,591.0
1.2290027852610512,592.0
1.1930001704810393,593.0
1.1748722052076332,594.0
1.1995021667684336,595.0
1.1971825812709822,596.0
1.2542877942160724,597.0
1.181255899811717,598.0
1.1770294474796539,599.0
1.1766067984229678,600.0
1.1952293157553213,601.0
1.1784044317222786,602.0
1.2316636310150832,603.0
1.2801054544150159,604.0
1.2569767778540184,605.0
1.2846704648866956,606.0
1.2896247593497314,607.0
1.2735574218205767,608.0
1.292750128825587,609.0
1.1985193147962818,610.0
1.2285656687167,611.0
1.2071009473546597,612.0
1.23790948322829,613.0
1.2059443934523,614.0
1.2419075784497215,615.0
1.2322463640405477,616.0
1.2652851253409192,617.0
1.301573089405877,618.0
1.313504712221442,619.0
1.2684313738067166,620.0
1.2199070751775407,621.0
1.2281063881882786,622.0
1.3110092742556438,623.0
1.3161588317893715,624.0
1.3289203393659264,625.0
1.2738619412507137,626.0
1.2313913246193933,627.0
1.3352419759725855,628.0
1.23969287946923,629.0
1.235144110003563,630.0
1.2399489568413975,631.0
1.2417498298452108,632.0
1.2802672601696876,633.0
1.3502904677965024,634.0
1.3003043777740153,635.0
1.3218577460320995,636.0
1.2839226168838076,637.0
1.3105156429250893,638.0
1.358297351659212,639.0
1.2544668878842786,640.0
1.3407856458458778,641.0
1.2850403536924848,642.0
1.258803724584256,643.0
1.2608800053712144,644.0
1.264268245254635,645.0
1.3328709760549868,646.0
1.2984888386897646,647.0
1.2746243185519084,648.0
1.378972122140683,649.0
1.3738954105139611,650.0
1.2973844738774367,651.0
1.3235693889634528,652.0
1.3555878282845366,653.0
1.344738101979799,654.0
1.300763457183478,655.0
1.286175452560825,656.0
1.2852935522599038,657.0
1.3910333638755266,658.0
1.3245584719239527,659.0
1.3331723989277429,660.0
1.3596602896657237,661.0
1.323830086833355,662.0
1.3731466352756743,663.0
1.411069048315624,664.0
1.31689623517235,665.0
1.344139327141206,666.0
1.3106799375303764,667.0
1.3362095626546995,668.0
1.324737990900356,669.0
1.370212161658373,670.0
1.3821395828019656,671.0
1.4199764189840263,672.0
1.3774928271235456,673.0
1.4240645994548473,674.0
1.4334118458969112,675.0
1.4200034792262277,676.0
1.3501655249841134,677.0
1.3553282871183367,678.0
1.3771464305132168,679.0
1.3308229869575041,680.0
1.3886239142191525,681.0
1.4323386113485372,682.0
1.3383950352216372,683.0
1.3727983509161772,684.0
1.3456269997091344,685.0
1.44589796481261,686.0
1.3661798281443984,687.0
1.4473261777330235,688.0
1.3834170591560373,689.0
1.3611307622863598,690.0
1.423133240470253,691.0
1.4495661901987271,692.0
1.4211589394126913,693.0
1.4782516252529463,694.0
1.437505900189101,695.0
1.3946308405829222,696.0
1.3774221430788118,697.0
1.3666593342895974,698.0
1.3693723360271433,699.0
1.38382539495086,700.0
1.3856643005362452,701.0
1.3972362198433637,702.0
1.4008341280140013,703.0
1.426750901748463,704.0
1.457301982603639,705.0
1.397315077943004,706.0
1.4894961599302363,707.0
1.4230916376470264,708.0
1.5053444375438774,709.0
1.4951651390625784,710.0
1.4788813979939945,711.0
1.5167070685307609,712.0
1.4974619052268099,713.0
1.4872981472257327,714.0
1.4111831593563302,715.0
1.4356576812540947,716.0
1.4084657822877442,717.0
1.4181708945783347,718.0
1.4920354088281151,719.0
1.5179092840047628,720.0
1.4110529500772788,721.0
1.4292164098092703,722.0
1.4495534849362726,723.0
1.4314896014730665,724.0
1.521252845700158,725.0
1.425092418815633,726.0
1.4276276387543207,727.0
1.5492597670890143,728.0
1.4889470016782818,729.0
1.4706378477601936,730.0
1.4479357814123257,731.0
1.5098275245298394,732.0
1.5121527201996667,733.0
1.5208154469426038,734.0
1.4433936535517948,735.0
1.5335964857936293,736.0
1.4910740028445606,737.0
1.5292062374325566,738.0
1.5195867143732562,739.0
1.467127716025324,740.0
1.454971504327522,741.0
1.472969200327239,742.0
1.580607035312519,743.0
1.5834068723960644,744.0
1.5821138323230342,745.0
1.5896987606908666,746.0
1.5059601131602085,747.0
1.5118651647033874,748.0
1.4680052200786522,749.0
1.5583127561344787,750.0
1.5948134227570605,751.0
1.560037687389158,752.0
1.4877608767126889,753.0
1.534213811315402,754.0
1.4825177339052475,755.0
1.5154956857504052,756.0
1.4828013697672935,757.0
1.6140413722742069,758.0
1.5546970016685477,759.0
1.4917231655185028,760.0
1.4910673219640391,761.0
1.5026160041679755,762.0
1.6035145059628384,763.0
1.5809981213107411,764.0
1.506008373759315,765.0
1.5002589714551842,766.0
1.514041504411402,767.0
1.5370862255598536,768.0
1.506222240285158,769.0
1.641445409684051,770.0
1.5237823059027706,771.0
1.644519731127709,772.0
1.6322400512645623,773.0
1.5171028355597875,774.0
1.523855231248074,775.0
1.5191147458970737,776.0
1.634392344631962,777.0
1.6063814872120683,778.0
1.5255779277327013,779.0
1.5345678371110498,780.0
1.5339151985104729,781.0
1.6501176346953375,782.0
1.5500015759611296,783.0
1.6489306449429753,784.0
1.6462562343031053,785.0
1.553987826912,786.0
1.603385902299591,787.0
1.5653692427611332,788.0
1.573349254026096,789.0
1.5527678286358158,790.0
1.650829272828985,791.0
1.5646417328216478,792.0
1.557685314169644,793.0
1.6763154690160722,794.0
1.6135598655788044,795.0
1.634453198514813,796.0
1.6556697743817654,797.0
1.565308454336393,798.0
1.677770414751375,799.0
1.6156167112564948,800.0
1.6033076724200432,801.0
1.594217562752717,802.0
1.5854517398209194,803.0
1.6002574758848669,804.0
1.6079031811714004,805.0
1.6203868974160969,806.0
1.6378718133348846,807.0
1.5959733607145816,808.0
1.5869306737934523,809.0
1.6975446857256358,810.0
1.606531093621938,811.0
1.5988661140842684,812.0
1.6289913909768852,813.0
1.5989401864887482,814.0
1.710285900044904,815.0
1.6542927466019586,816.0
1.599969082498034,817.0
1.6107429257044283,818.0
1.6164331928738933,819.0
1.6298032416246042,820.0
1.7132737766976707,821.0
1.6290824253942138,822.0
1.6733506998425958,823.0
1.6168864825025726,824.0
1.640634654374662,825.0
1.6898832577169345,826.0
1.759397679875063,827.0
1.6580428832062188,828.0
1.667325123956937,829.0
1.6644506085622557,830.0
1.751020649901433,831.0
1.73086006651334,832.0
1.67174898467524,833.0
1.7073181966559834,834.0
1.778599439657051,835.0
1.6671756583059072,836.0
1.734819504734389,837.0
1.6588836085848864,838.0
1.7522970859485794,839.0
1.6741039539600968,840.0
1.7610367422986377,841.0
1.7004057428242076,842.0
1.6637317742378954,843.0
1.7137587009928663,844.0
1.7223482089546454,845.0
1.6675986860076983,846.0
1.7464298789924524,847.0
1.7934738588460575,848.0
1.6633966420800121,849.0
1.676174465520799,850.0
1.7453861386683251,851.0
1.675082562913558,852.0
1.6712042601979893,853.0
1.808267046687987,854.0
1.6867995618517628,855.0
1.7782485009712443,856.0
1.678152212544144,857.0
1.6858383237933134,858.0
1.7358954719842035,859.0
1.6833795058668888,860.0
1.7898171776872285,861.0
1.704393356787984,862.0
1.8033422135914428,863.0
1.816317743093579,864.0
1.7044492591977094,865.0
1.7298915947617843,866.0
1.7461285294170554,867.0
1.8461434938517942,868.0
1.7030125376912897,869.0
1.7056903353931083,870.0
1.7070232860582168,871.0
1.7311375572705885,872.0
1.859218863761019,873.0
1.7365778248179717,874.0
1.7824348305417763,875.0
1.716462146593825,876.0
1.8076026662671867,877.0
1.755351717224112,878.0
1.7236074084759876,879.0
1.7784535817654405,880.0
1.7585886372651878,881.0
1.7482862484325488,882.0
1.8695297633268844,883.0
1.8065461305542339,884.0
1.7334454717239467,885.0
1.751877600735451,886.0
1.7447339686764918,887.0
1.754961394865985,888.0
1.805021727765385,889.0
1.8130171811486417,890.0
1.8193019625373386,891.0
1.8050266452126909,892.0
1.7960029400541977,893.0
1.814706239510757,894.0
1.8027879143314145,895.0
1.8546330546749696,896.0
1.8036138326964732,897.0
1.8471917880402466,898.0
1.9019859323393644,899.0
1.792067295122776,900.0
1.7927368040462155,901.0
1.7727516349352503,902.0
1.7822581724004523,903.0
1.7777303794301513,904.0
1.8030315911372985,905.0
1.7770933145389638,906.0
1.8618871000439767,907.0
1.9101212827203713,908.0
1.818348035359619,909.0
1.867838809117012,910.0
1.8261718304311425,911.0
1.9326742877596979,912.0
1.8384860077651175,913.0
1.806688464217705,914.0
1.797332969149948,915.0
1.8034875111181226,916.0
1.9488328897985352,917.0
1.803363957241909,918.0
1.8735139907870948,919.0
1.816822067230129,920.0
1.8571252096034838,921.0
1.867801656027627,922.0
1.9439875030564915,923.0
1.8129122442732488,924.0
1.8858605217054123,925.0
1.8511242371886203,926.0
1.8186212510620927,927.0
1.8377630218388965,928.0
1.951393499297845,929.0
1.8223142692220198,930.0
1.8267332421579243,931.0
1.8315785644278957,932.0
1.8743624858333117,933.0
1.8428458559927832,934.0
1.9811527847310322,935.0
1.9497697971434267,936.0
1.9424016898698806,937.0
1.9658655728615968,938.0
1.9898837694241183,939.0
1.8488950714915584,940.0
1.8450747001604832,941.0
1.8899589726237855,942.0
1.8472965480425338,943.0
1.881021443652829,944.0
1.9450833592102081,945.0
1.8665167706265295,946.0
1.9995297236536826,947.0
1.9202238912080225,948.0
1.9405218996131783,949.0
1.879642716503167,950.0
1.8753839355244664,951.0
1.9393862621592954,952.0
2.0162015851673467,953.0
2.026740054103828,954.0
1.9899145667987495,955.0
1.958838436243987,956.0
1.8767631653150068,957.0
1.8771942646009325,958.0
1.9279079568210478,959.0
2.0201914991944654,960.0
1.92206688102152,961.0
1.896159298401609,962.0
1.9027853817416396,963.0
1.8953158014684814,964.0
2.0548075104070183,965.0
2.019065514284809,966.0
1.9828589300580126,967.0
2.0366979766177074,968.0
2.0061222564333816,969.0
1.927177823504248,970.0
2.0529101876516087,971.0
1.9097662594894553,972.0
1.9501694217048924,973.0
1.9338658070488215,974.0
2.0366005585262585,975.0
2.0370514570593072,976.0
1.9227735517250404,977.0
1.9602597467504075,978.0
1.9420149608963602,979.0
2.0870168902026243,980.0
2.074720781334142,981.0
2.0642735504649115,982.0
1.9370175420951539,983.0
1.9284536742642704,984.0
2.0708322817851657,985.0
1.9349917418671227,986.0
1.9591242871679162,987.0
2.080145880967796,988.0
1.9393501691533124,989.0
1.9501115594816318,990.0
2.0449054025097593,991.0
1.9484671589667963,992.0
2.1102034821164453,993.0
2.008827557169886,994.0
1.951549808840407,995.0
1.9579478656090363,996.0
1.9605739260566686,997.0
2.0068887980200825,998.0
1.9919049156599706,999.0
2.06451021203751,1000.0
1.9683415367755799,1001.0
2.1167688456640232,1002.0
2.0989482142381406,1003.0
2.0471205271254056,1004.0
1.9767279468343126,1005.0
1.9767704010146943,1006.0
1.984248957429278,1007.0
1.995545622641857,1008.0
2.0733811033409366,1009.0
2.111720222442593,1010.0
2.126956325398697,1011.0
2.0079945927267935,1012.0
2.0245520250951965,1013.0
1.9900129933741095,1014.0
2.0018116746413783,1015.0
2.03108589276345,1016.0
1.9935568341061152,1017.0
2.0035176724271473,1018.0
2.0028480383109653,1019.0
2.050578892639405,1020.0
2.08654478199511,1021.0
2.1180518448158074,1022.0
2.1761030339162843,1023.0
2.155740933857014,1024.0
2.119031863246467,1025.0
2.048891019150281,1026.0
2.0169877254648836,1027.0
2.046152354035207,1028.0
2.020974985770974,1029.0
2.052508292945338,1030.0
2.1789505339133473,1031.0
2.1194655245376284,1032.0
2.053957849814492,1033.0
2.0677056183244575,1034.0
2.1594652106929413,1035.0
2.0755406711664386,1036.0
2.0513824664519587,1037.0
2.0419349374586413,1038.0
2.083354978250525,1039.0
2.1148382239197705,1040.0
2.0800098680041135,1041.0
2.0828897992660083,1042.0
2.1766981736941053,1043.0
2.0500507418550176,1044.0
2.049808368961885,1045.0
2.164729710393199,1046.0
2.2083767592393526,1047.0
2.2347853823986226,1048.0
2.0610934034793367,1049.0
2.218208713743757,1050.0
2.210629696215762,1051.0
2.071010453136454,1052.0
2.069584100566351,1053.0
2.2315814446690947,1054.0
2.1745362285314873,1055.0
2.0707182336447563,1056.0
2.079721015053216,1057.0
2.110422026445779,1058.0
2.0778696400172647,1059.0
2.1376717614011205,1060.0
2.079890038399063,1061.0
2.220988489632421,1062.0
2.1886786453309415,1063.0
2.206428952588409,1064.0
2.2677676750352034,1065.0
2.2373916051719394,1066.0
2.0916120905327005,1067.0
2.101671152554947,1068.0
2.157260145599095,1069.0
2.249677203966613,1070.0
2.20088663004636,1071.0
2.128315714382633,1072.0
2.173195890124762,1073.0
2.120948563020807,1074.0
2.109982374628591,1075.0
2.2601020735087345,1076.0
2.1114723196854714,1077.0
2.27638718860558,1078.0
2.1334965669306043,1079.0
2.198609693565187,1080.0
2.212333536634899,1081.0
2.1280821327295243,1082.0
2.2314965223846386,1083.0
2.1268911493424794,1084.0
2.1447404132244796,1085.0
2.1595685775789515,1086.0
2.1782105077840663,1087.0
2.2904765737711705,1088.0
2.173634780618778,1089.0
2.1666108405450837,1090.0
2.2424475229005525,1091.0
2.1540201556732863,1092.0
2.185304523231521,1093.0
2.1560837034732936,1094.0
2.1635325375631864,1095.0
2.1478200949490582,1096.0
2.1549340459618618,1097.0
2.278517457773653,1098.0
2.160330899193894,1099.0
2.343325705830409,1100.0
2.2501015036356504,1101.0
2.3471605201456867,1102.0
2.253028564219806,1103.0
2.1649016554922444,1104.0
2.1781208840100117,1105.0
2.311556688551593,1106.0
2.1831635405731658,1107.0
2.301123401195659,1108.0
2.179838292191002,1109.0
2.261750561011491,1110.0
2.194893068861304,1111.0
2.2689564929963364,1112.0
2.1829582399324265,1113.0
2.25452988946788,1114.0
2.1970498696227323,1115.0
2.3420382889656937,1116.0
2.2433874295078224,1117.0
2.194230492934945,1118.0
2.3123281952045516,1119.0
2.1946138528636783,1120.0
2.221493188356295,1121.0
2.2074419378802475,1122.0
2.253466573721735,1123.0
2.2591018986652824,1124.0
2.2044107281397802,1125.0
2.2288580675206284,1126.0
2.3832797402675445,1127.0
2.3981565758847547,1128.0
2.2734178381543155,1129.0
2.2923447583087575,1130.0
2.217451296149142,1131.0
2.2408678010040273,1132.0
2.3604193467316,1133.0
2.3513032991607132,1134.0
2.225127113322707,1135.0
2.4002983523794783,1136.0
2.290399356107612,1137.0
2.3021322846240118,1138.0
2.3517014976367787,1139.0
2.288389193480125,1140.0
2.2374136184606277,1141.0
2.238277427192128,1142.0
2.2400498642464908,1143.0
2.4302712047373407,1144.0
2.2512560194470024,1145.0
2.2915326686434083,1146.0
2.383789702880984,1147.0
2.28372635241124,1148.0
2.2658935278786827,1149.0
2.4172032889364092,1150.0
2.2652365244941364,1151.0
2.357632940629831,1152.0
2.271984745508608,1153.0
2.2809828756663206,1154.0
2.27350162254729,1155.0
2.4073025511831725,1156.0
2.2805009613367915,1157.0
2.3360827890490055,1158.0
2.4197468365595016,1159.0
2.34398054734577,1160.0
2.4457546760873345,1161.0
2.4505122612012515,1162.0
2.415116172455276,1163.0
2.283800236930352,1164.0
2.340539062444166,1165.0
2.287070903913523,1166.0
2.3190679571426402,1167.0
2.362849065622838,1168.0
2.3916183259156862,1169.0
2.364793517414513,1170.0
2.310446432590634,1171.0
2.452366275344197,1172.0
2.309874745156069,1173.0
2.3494009600408305,1174.0
2.4680168145587538,1175.0
2.384016375080282,1176.0
2.4215647950620416,1177.0
2.3590231466001206,1178.0
2.437413642156523,1179.0
2.321846168994036,1180.0
2.478366866278104,1181.0
2.338582092793466,1182.0
2.3710119163395915,1183.0
2.4325859315647986,1184.0
2.3336380840951727,1185.0
2.3825390890718223,1186.0
2.370537740089613,1187.0
2.52740551150289,1188.0
2.3564046502701483,1189.0
2.3749964194686934,1190.0
2.4754154183407002,1191.0
2.527054582369415,1192.0
2.3377970668424677,1193.0
2.339849208035278,1194.0
2.3451229279693395,1195.0
2.4598338076793467,1196.0
2.549574580130748,1197.0
2.399477631524798,1198.0
2.387277893437608,1199.0
2.495986383348399,1200.0
