Xtest, mean prediction
5.000000000000000104e-04,1.558881632809061557e-02,2.012028275387756360e-01
1.000000000000000021e-03,2.496080576151143635e-02,1.951685721598827861e-01
1.500000000000000031e-03,3.433326438011136128e-02,1.893251161501733337e-01
2.000000000000000042e-03,4.370622661954257776e-02,1.836712852943775121e-01
2.500000000000000052e-03,5.307972690497990420e-02,1.782059266047413271e-01
3.000000000000000062e-03,6.245379965199390759e-02,1.729278998247396892e-01
3.500000000000000073e-03,7.182847921736539021e-02,1.678360719796720968e-01
4.000000000000000083e-03,8.120380000560543932e-02,1.629293015340312623e-01
4.499999999999999660e-03,9.057979636389063005e-02,1.582064302637830877e-01
5.000000000000000104e-03,9.995650250639301349e-02,1.536662647607009158e-01
5.499999999999999681e-03,1.093339528629439922e-01,1.493075622726883211e-01
6.000000000000000125e-03,1.187121816034777955e-01,1.451290157141351123e-01
6.499999999999999702e-03,1.280912228935630892e-01,1.411292326344419923e-01
7.000000000000000146e-03,1.374711109537747611e-01,1.373067137165452645e-01
7.499999999999999722e-03,1.468518797837896350e-01,1.336598337229291944e-01
8.000000000000000167e-03,1.562335634970804799e-01,1.301868176441167702e-01
8.500000000000000611e-03,1.656161959798191641e-01,1.268857182081497281e-01
8.999999999999999320e-03,1.749998111906461429e-01,1.237543969696067170e-01
9.499999999999999764e-03,1.843844429275486585e-01,1.207904958885345909e-01
1.000000000000000021e-02,1.937701249623205446e-01,1.179914207130407372e-01
1.050000000000000065e-02,2.031568909290945024e-01,1.153543239353034683e-01
1.099999999999999936e-02,2.125447744107805126e-01,1.128760852507709744e-01
1.149999999999999981e-02,2.219338088849326651e-01,1.105533016208326003e-01
1.200000000000000025e-02,2.313240278162993491e-01,1.083822795439109005e-01
1.250000000000000069e-02,2.407154644140973576e-01,1.063590273517247969e-01
1.299999999999999940e-02,2.501081518997670949e-01,1.044792646088730237e-01
1.349999999999999985e-02,2.595021233777515812e-01,1.027384233447641571e-01
1.400000000000000029e-02,2.688974118058103935e-01,1.011316623838525719e-01
1.450000000000000074e-02,2.782940499996766626e-01,9.965388826274468315e-02
1.499999999999999944e-02,2.876920707081444539e-01,9.829977797885987301e-02
1.549999999999999989e-02,2.970915065961889923e-01,9.706380516965637528e-02
1.600000000000000033e-02,3.064923900784924382e-01,9.594027797719441308e-02
1.650000000000000078e-02,3.158947534923208789e-01,9.492336922517356779e-02
1.700000000000000122e-02,3.252986290885019338e-01,9.400715939045384273e-02
1.750000000000000167e-02,3.347040489246137507e-01,9.318567294394919376e-02
1.799999999999999864e-02,3.441110448847757852e-01,9.245291549507234086e-02
1.849999999999999908e-02,3.535196487786015362e-01,9.180292372102423493e-02
1.899999999999999953e-02,3.629298922338057287e-01,9.122978423268493509e-02
1.949999999999999997e-02,3.723418066903832480e-01,9.072768627420875476e-02
2.000000000000000042e-02,3.817554234652197898e-01,9.029094222271333292e-02
2.050000000000000086e-02,3.911707737040706068e-01,8.991401534988073541e-02
2.100000000000000130e-02,4.005878883483819930e-01,8.959155467141231843e-02
2.149999999999999828e-02,4.100067982514156162e-01,8.931840439926672093e-02
2.199999999999999872e-02,4.194275340018793763e-01,8.908962792240440742e-02
2.249999999999999917e-02,4.288501260703196927e-01,8.890051432975845658e-02
2.299999999999999961e-02,4.382746046982356480e-01,8.874659359948719461e-02
2.350000000000000006e-02,4.477010000043082916e-01,8.862364193424925041e-02
2.400000000000000050e-02,4.571293418540153808e-01,8.852767952554788100e-02
2.450000000000000094e-02,4.665596599879791029e-01,8.845497547204683730e-02
2.500000000000000139e-02,4.759919838519999780e-01,8.840204785199466675e-02
2.549999999999999836e-02,4.854263427932164476e-01,8.836565532520929134e-02
2.599999999999999881e-02,4.948627659259364209e-01,8.834278981680189491e-02
2.649999999999999925e-02,5.043012820900184545e-01,8.833068092063010857e-02
2.699999999999999969e-02,5.137419200711883516e-01,8.832676916174282689e-02
2.750000000000000014e-02,5.231847082875902277e-01,8.832871320103781454e-02
2.800000000000000058e-02,5.326296750578330963e-01,8.833437752513902119e-02
2.850000000000000103e-02,5.420768483896972745e-01,8.834181243917073323e-02
2.900000000000000147e-02,5.515262561195413138e-01,8.834926097485359953e-02
2.949999999999999845e-02,5.609779258898924814e-01,8.835513248959984967e-02
2.999999999999999889e-02,5.704318850665004437e-01,8.835800535277668621e-02
3.049999999999999933e-02,5.798881607782095937e-01,8.835660528935344871e-02
3.099999999999999978e-02,5.893467799865175216e-01,8.834980978341645808e-02
3.150000000000000022e-02,5.988077693840022642e-01,8.833662639978542841e-02
3.200000000000000067e-02,6.082711554004345267e-01,8.831619094352446964e-02
3.250000000000000111e-02,6.177369642606936884e-01,8.828775601603496004e-02
3.300000000000000155e-02,6.272052219609031143e-01,8.825068539771807608e-02
3.350000000000000200e-02,6.366759541886858331e-01,8.820444307256300465e-02
3.400000000000000244e-02,6.461491864657727957e-01,8.814858580186808734e-02
3.450000000000000289e-02,6.556249440036481246e-01,8.808276124535778517e-02
3.500000000000000333e-02,6.651032517728162619e-01,8.800669694636681362e-02
3.549999999999999684e-02,6.745841345426742963e-01,8.792019353299414253e-02
3.599999999999999728e-02,6.840676167939091501e-01,8.782312339229460252e-02
3.649999999999999772e-02,6.935537227051099540e-01,8.771541668745774789e-02
3.699999999999999817e-02,7.030424762470647293e-01,8.759707131185189011e-02
3.749999999999999861e-02,7.125339011062169492e-01,8.746812593591316021e-02
3.799999999999999906e-02,7.220280207239556658e-01,8.732868115961389677e-02
3.849999999999999950e-02,7.315248582523782295e-01,8.717887196579000852e-02
3.899999999999999994e-02,7.410244366232654478e-01,8.701888153534891035e-02
3.950000000000000039e-02,7.505267784348689242e-01,8.684892462103205313e-02
4.000000000000000083e-02,7.600319060563924811e-01,8.666925253743963664e-02
4.050000000000000128e-02,7.695398415805538850e-01,8.648014665432129933e-02
4.100000000000000172e-02,7.790506067563547354e-01,8.628191202204545107e-02
4.150000000000000216e-02,7.885642231878591257e-01,8.607488708953986434e-02
4.200000000000000261e-02,7.980807120952522205e-01,8.585942223978651477e-02
4.250000000000000305e-02,8.076000944408587845e-01,8.563589362565128538e-02
4.299999999999999656e-02,8.171223909014951881e-01,8.540469184549004389e-02
4.349999999999999700e-02,8.266476219464675701e-01,8.516621993028564153e-02
4.399999999999999745e-02,8.361758076807018769e-01,8.492090055017717520e-02
4.449999999999999789e-02,8.457069678953849090e-01,8.466915971392446894e-02
4.499999999999999833e-02,8.552411221805960029e-01,8.441143809910355011e-02
4.549999999999999878e-02,8.647782898211153757e-01,8.414817897185208895e-02
4.599999999999999922e-02,8.743184897280298351e-01,8.387983460289653859e-02
4.649999999999999967e-02,8.838617406220873329e-01,8.360686069161125944e-02
4.700000000000000011e-02,8.934080609158263631e-01,8.332971686139395429e-02
4.750000000000000056e-02,9.029574686568230257e-01,8.304885960825683644e-02
4.800000000000000100e-02,9.125099817215232001e-01,8.276474826810459318e-02
4.850000000000000144e-02,9.220656175402109911e-01,8.247784472972256864e-02
4.900000000000000189e-02,9.316243934043449970e-01,8.218860001548011773e-02
4.950000000000000233e-02,9.411863261822145388e-01,8.189747200110157610e-02
5.000000000000000278e-02,9.507514325252850451e-01,8.160490470266365537e-02
5.050000000000000322e-02,9.603197287546936245e-01,8.131134261577269151e-02
5.099999999999999672e-02,9.698912308574654251e-01,8.101722252868816254e-02
5.149999999999999717e-02,9.794659546512411996e-01,8.072297306385697868e-02
5.199999999999999761e-02,9.890439154708292602e-01,8.042901282831702026e-02
5.249999999999999806e-02,9.986251285084289941e-01,8.013575630919805848e-02
5.299999999999999850e-02,1.008209608549368586e+00,7.984360903357842765e-02
5.349999999999999895e-02,1.017797370146727109e+00,7.955295738815770790e-02
5.399999999999999939e-02,1.027388427538098670e+00,7.926418518534866786e-02
5.449999999999999983e-02,1.036982794644427441e+00,7.897766367639599827e-02
5.500000000000000028e-02,1.046580485017621021e+00,7.869374854246356799e-02
5.550000000000000072e-02,1.056181512090261121e+00,7.841278525337050387e-02
5.600000000000000117e-02,1.065785888805985460e+00,7.813510680389387786e-02
5.650000000000000161e-02,1.075393627879093428e+00,7.786102952422042922e-02
5.700000000000000205e-02,1.085004741775337678e+00,7.759085826812955888e-02
5.750000000000000250e-02,1.094619242583867225e+00,7.732488163933469438e-02
5.800000000000000294e-02,1.104237142081256007e+00,7.706337419887904217e-02
5.850000000000000339e-02,1.113858451817650419e+00,7.680659578319630476e-02
5.899999999999999689e-02,1.123483182959607696e+00,7.655479195215082744e-02
5.949999999999999734e-02,1.133111346428049782e+00,7.630818939754803465e-02
5.999999999999999778e-02,1.142742952845292148e+00,7.606700274904239223e-02
6.049999999999999822e-02,1.152378012433182386e+00,7.583142703174407251e-02
6.099999999999999867e-02,1.162016535326256372e+00,7.560164433334494449e-02
6.149999999999999911e-02,1.171658531092689470e+00,7.537781863804443594e-02
6.199999999999999956e-02,1.181304009192390314e+00,7.516010152061793070e-02
6.250000000000000000e-02,1.190952978730201783e+00,7.494862271378847918e-02
6.300000000000000044e-02,1.200605448483838655e+00,7.474349883364522773e-02
6.350000000000000089e-02,1.210261426914948979e+00,7.454483348560866918e-02
6.400000000000000133e-02,1.219920922319870371e+00,7.435270946076498466e-02
6.450000000000000178e-02,1.229583942505996674e+00,7.416719701764223904e-02
6.500000000000000222e-02,1.239250495161395627e+00,7.398834874014391383e-02
6.550000000000000266e-02,1.248920587545726546e+00,7.381620616802959944e-02
6.600000000000000311e-02,1.258594226689310647e+00,7.365079231469301435e-02
6.650000000000000355e-02,1.268271419323282245e+00,7.349211885442576142e-02
6.700000000000000400e-02,1.277952171856304719e+00,7.334017834479127085e-02
6.750000000000000444e-02,1.287636490447912285e+00,7.319495267450815135e-02
6.800000000000000488e-02,1.297324380935751753e+00,7.305641506062979240e-02
6.850000000000000533e-02,1.307015848868759322e+00,7.292451591868739924e-02
6.900000000000000577e-02,1.316710899535682877e+00,7.279919948189690626e-02
6.950000000000000622e-02,1.326409537869621902e+00,7.268040029194705598e-02
7.000000000000000666e-02,1.336111768635455554e+00,7.256803495271445248e-02
7.049999999999999323e-02,1.345817596156848595e+00,7.246201300240588672e-02
7.099999999999999367e-02,1.355527024608454756e+00,7.236223291655755063e-02
7.149999999999999412e-02,1.365240057776682114e+00,7.226858231656843601e-02
7.199999999999999456e-02,1.374956699283793604e+00,7.218094333338641311e-02
7.249999999999999500e-02,1.384676952341105771e+00,7.209918479960408799e-02
7.299999999999999545e-02,1.394400820033624866e+00,7.202317106567178440e-02
7.349999999999999589e-02,1.404128304953337736e+00,7.195275338754023031e-02
7.399999999999999634e-02,1.413859409643337228e+00,7.188778323348911370e-02
7.449999999999999678e-02,1.423594136199681115e+00,7.182810125670560653e-02
7.499999999999999722e-02,1.433332486606086587e+00,7.177354324506933503e-02
7.549999999999999767e-02,1.443074462388176382e+00,7.172393991571575367e-02
7.599999999999999811e-02,1.452820064955740342e+00,7.167911742072043124e-02
7.649999999999999856e-02,1.462569295424618776e+00,7.163889562120813459e-02
7.699999999999999900e-02,1.472322154539870143e+00,7.160309763580073594e-02
7.749999999999999944e-02,1.482078642888227549e+00,7.157153308577852979e-02
7.799999999999999989e-02,1.491838760771788674e+00,7.154401892292353016e-02
7.850000000000000033e-02,1.501602508212672493e+00,7.152036683521466320e-02
7.900000000000000078e-02,1.511369884950108933e+00,7.150038374787104356e-02
7.950000000000000122e-02,1.521140890569076864e+00,7.148388056880471131e-02
8.000000000000000167e-02,1.530915524283191109e+00,7.147066231207729881e-02
8.050000000000000211e-02,1.540693785129114923e+00,7.146054070690091575e-02
8.100000000000000255e-02,1.550475671823951407e+00,7.145332257777813056e-02
8.150000000000000300e-02,1.560261182899703281e+00,7.144881552297428773e-02
8.200000000000000344e-02,1.570050316602573659e+00,7.144683226768656914e-02
8.250000000000000389e-02,1.579843070976785446e+00,7.144718350391821016e-02
8.300000000000000433e-02,1.589639443774940375e+00,7.144968457369542392e-02
8.350000000000000477e-02,1.599439432482467893e+00,7.145415237032215483e-02
8.400000000000000522e-02,1.609243034496903313e+00,7.146040284541799181e-02
8.450000000000000566e-02,1.619050246777478552e+00,7.146825848937844727e-02
8.500000000000000611e-02,1.628861066228710186e+00,7.147754572403068607e-02
8.550000000000000655e-02,1.638675489369779914e+00,7.148808974668020844e-02
8.599999999999999312e-02,1.648493512637796865e+00,7.149972443467217387e-02
8.649999999999999356e-02,1.658315132144489334e+00,7.151228412508189858e-02
8.699999999999999400e-02,1.668140343741397302e+00,7.152560811359851001e-02
8.749999999999999445e-02,1.677969143204391056e+00,7.153954260160445833e-02
8.799999999999999489e-02,1.687801525974646166e+00,7.155393185800554279e-02
8.849999999999999534e-02,1.697637487277970703e+00,7.156863226232260122e-02
8.899999999999999578e-02,1.707477022246457699e+00,7.158349796867044534e-02
8.949999999999999623e-02,1.717320125594269387e+00,7.159839137991887148e-02
8.999999999999999667e-02,1.727166792010539131e+00,7.161318019464101015e-02
9.049999999999999711e-02,1.737017015916062501e+00,7.162773618198441106e-02
9.099999999999999756e-02,1.746870791487745045e+00,7.164193537760644992e-02
9.149999999999999800e-02,1.756728112770942873e+00,7.165565827735873028e-02
9.199999999999999845e-02,1.766588973528705475e+00,7.166879358227354335e-02
9.249999999999999889e-02,1.776453367421636287e+00,7.168123371632231788e-02
9.299999999999999933e-02,1.786321287844329975e+00,7.169287258067573443e-02
9.349999999999999978e-02,1.796192727989982751e+00,7.170361457243054626e-02
9.400000000000000022e-02,1.806067680994747127e+00,7.171336725980445581e-02
9.450000000000000067e-02,1.815946139664156300e+00,7.172204177341415243e-02
9.500000000000000111e-02,1.825828096658806299e+00,7.172955694994319342e-02
9.550000000000000155e-02,1.835713544539175901e+00,7.173583556206604428e-02
9.600000000000000200e-02,1.845602475549094290e+00,7.174080268079088829e-02
9.650000000000000244e-02,1.855494881875347390e+00,7.174439123898546100e-02
9.700000000000000289e-02,1.865390755498083308e+00,7.174654221894326278e-02
9.750000000000000333e-02,1.875290088188485305e+00,7.174719429489578859e-02
9.800000000000000377e-02,1.885192871604813192e+00,7.174629629451390045e-02
9.850000000000000422e-02,1.895099097286001788e+00,7.174380008850066159e-02
9.900000000000000466e-02,1.905008756496245015e+00,7.173965946459266718e-02
9.950000000000000511e-02,1.914921840387396434e+00,7.173384005758771942e-02
1.000000000000000056e-01,1.924838340016431282e+00,7.172630544747451986e-02
1.005000000000000060e-01,1.934758246236015111e+00,7.171702435318907942e-02
1.010000000000000064e-01,1.944681549746310356e+00,7.170597346891671720e-02
1.015000000000000069e-01,1.954608241132227642e+00,7.169312792372585508e-02
1.019999999999999934e-01,1.964538310803473076e+00,7.167847213556048647e-02
1.024999999999999939e-01,1.974471749085350947e+00,7.166199311457019383e-02
1.029999999999999943e-01,1.984408546121558148e+00,7.164367914222168066e-02
1.034999999999999948e-01,1.994348691938794271e+00,7.162352637286902024e-02
1.039999999999999952e-01,2.004292176426388128e+00,7.160153132315455471e-02
1.044999999999999957e-01,2.014238989361911258e+00,7.157769605583379213e-02
1.049999999999999961e-01,2.024189120362279937e+00,7.155202564663860898e-02
1.054999999999999966e-01,2.034142559050815091e+00,7.152452544397826240e-02
1.059999999999999970e-01,2.044099294687621082e+00,7.149521145118338528e-02
1.064999999999999974e-01,2.054059316768543919e+00,7.146409151571320173e-02
1.069999999999999979e-01,2.064022614316781912e+00,7.143118792726466104e-02
1.074999999999999983e-01,2.073989176510367738e+00,7.139651992645912326e-02
1.079999999999999988e-01,2.083958992233965635e+00,7.136010992222956151e-02
1.084999999999999992e-01,2.093932050460716621e+00,7.132198421913370223e-02
1.089999999999999997e-01,2.103908339918125314e+00,7.128216466372115645e-02
1.095000000000000001e-01,2.113887849281309350e+00,7.124069049410081123e-02
1.100000000000000006e-01,2.123870567222474914e+00,7.119758814837232053e-02
1.105000000000000010e-01,2.133856482176343050e+00,7.115289383248117605e-02
1.110000000000000014e-01,2.143845582557842189e+00,7.110664465575848581e-02
1.115000000000000019e-01,2.153837856755126179e+00,7.105887577496235175e-02
1.120000000000000023e-01,2.163833292971830691e+00,7.100963094936682540e-02
1.125000000000000028e-01,2.173831879455247140e+00,7.095895119725968703e-02
1.130000000000000032e-01,2.183833604243118121e+00,7.090687951504348607e-02
1.135000000000000037e-01,2.193838455440709545e+00,7.085346017404955954e-02
1.140000000000000041e-01,2.203846421036869341e+00,7.079873750055296067e-02
1.145000000000000046e-01,2.213857488869689583e+00,7.074276277529642498e-02
1.150000000000000050e-01,2.223871646852931150e+00,7.068558016768190788e-02
1.155000000000000054e-01,2.233888882782776086e+00,7.062724062289017779e-02
1.160000000000000059e-01,2.243909184365766141e+00,7.056779581459626804e-02
1.165000000000000063e-01,2.253932539331726659e+00,7.050729361571700382e-02
1.170000000000000068e-01,2.263958935303380660e+00,7.044578686891896091e-02
1.174999999999999933e-01,2.273988359917420876e+00,7.038332659287449555e-02
1.179999999999999938e-01,2.284020800683065122e+00,7.031996487853506284e-02
1.184999999999999942e-01,2.294056245177052755e+00,7.025575707561172722e-02
1.189999999999999947e-01,2.304094680859707367e+00,7.019075248478180706e-02
1.194999999999999951e-01,2.314136095216963618e+00,7.012500803171214936e-02
1.199999999999999956e-01,2.324180475614266328e+00,7.005857314576632855e-02
1.204999999999999960e-01,2.334227809531730813e+00,6.999150428355753462e-02
1.209999999999999964e-01,2.344278084321995248e+00,6.992385227288673566e-02
1.214999999999999969e-01,2.354331287347595225e+00,6.985566874790470615e-02
1.219999999999999973e-01,2.364387405938468856e+00,6.978700980622312700e-02
1.224999999999999978e-01,2.374446427447255648e+00,6.971792465922986570e-02
1.229999999999999982e-01,2.384508339173044167e+00,6.964846688377993034e-02
1.234999999999999987e-01,2.394573128486517710e+00,6.957868503547930128e-02
1.239999999999999991e-01,2.404640782661735976e+00,6.950863068618040597e-02
1.244999999999999996e-01,2.414711288980324611e+00,6.943835288784440396e-02
1.250000000000000000e-01,2.424784634825773555e+00,6.936790277671306404e-02
1.255000000000000004e-01,2.434860807455843101e+00,6.929732791553450122e-02
1.260000000000000009e-01,2.444939794236561159e+00,6.922667353765325771e-02
1.265000000000000013e-01,2.455021582507761035e+00,6.915598821718403622e-02
1.270000000000000018e-01,2.465106159590650492e+00,6.908531777800244744e-02
1.275000000000000022e-01,2.475193512927507999e+00,6.901470506887105727e-02
1.280000000000000027e-01,2.485283629756886548e+00,6.894419248079140805e-02
1.285000000000000031e-01,2.495376497609540944e+00,6.887382426829362359e-02
1.290000000000000036e-01,2.505472103917272708e+00,6.880363830972441308e-02
1.295000000000000040e-01,2.515570436083944372e+00,6.873367835316675223e-02
1.300000000000000044e-01,2.525671481667668417e+00,6.866397984585229097e-02
1.305000000000000049e-01,2.535775228178827057e+00,6.859457827027388988e-02
1.310000000000000053e-01,2.545881663177860688e+00,6.852551264682020526e-02
1.315000000000000058e-01,2.555990774245001429e+00,6.845681619678409269e-02
1.320000000000000062e-01,2.566102549064089633e+00,6.838852152456528777e-02
1.325000000000000067e-01,2.576216975281131472e+00,6.832066082572529897e-02
1.330000000000000071e-01,2.586334040759829644e+00,6.825326289810625113e-02
1.335000000000000075e-01,2.596453733154339805e+00,6.818635728460778478e-02
1.340000000000000080e-01,2.606576040343497880e+00,6.811996797295519213e-02
1.345000000000000084e-01,2.616700950262602632e+00,6.805412437879612697e-02
1.350000000000000089e-01,2.626828450849279850e+00,6.798884820681169727e-02
1.355000000000000093e-01,2.636958530150586899e+00,6.792416305227284845e-02
1.360000000000000098e-01,2.647091176214162456e+00,6.786008808213732368e-02
1.365000000000000102e-01,2.657226377184270127e+00,6.779664370020978270e-02
1.370000000000000107e-01,2.667364121290156653e+00,6.773384972498450174e-02
1.375000000000000111e-01,2.677504396873991777e+00,6.767171882640218850e-02
1.380000000000000115e-01,2.687647192237200056e+00,6.761026822159217631e-02
1.385000000000000120e-01,2.697792495829053117e+00,6.754950859963253229e-02
1.390000000000000124e-01,2.707940296136075453e+00,6.748945390135203948e-02
1.395000000000000129e-01,2.718090581844444298e+00,6.743011313185465205e-02
1.400000000000000133e-01,2.728243341557681667e+00,6.737149660143527952e-02
1.405000000000000138e-01,2.738398564085946507e+00,6.731361030952778823e-02
1.409999999999999865e-01,2.748556238284800113e+00,6.725646046892895524e-02
1.414999999999999869e-01,2.758716353048221048e+00,6.720005253158158054e-02
1.419999999999999873e-01,2.768878897453541654e+00,6.714438674185950473e-02
1.424999999999999878e-01,2.779043860654346609e+00,6.708946592316163138e-02
1.429999999999999882e-01,2.789211231854278772e+00,6.703529288336523839e-02
1.434999999999999887e-01,2.799381000390858354e+00,6.698186172438698460e-02
1.439999999999999891e-01,2.809553155687171788e+00,6.692917411429914754e-02
1.444999999999999896e-01,2.819727687281556427e+00,6.687722669706301637e-02
1.449999999999999900e-01,2.829904584832256820e+00,6.682601259740221511e-02
1.454999999999999905e-01,2.840083838085993406e+00,6.677552478567543026e-02
1.459999999999999909e-01,2.850265436841873612e+00,6.672576153018841549e-02
1.464999999999999913e-01,2.860449371106806193e+00,6.667670863040633944e-02
1.469999999999999918e-01,2.870635630981996478e+00,6.662836077552329594e-02
1.474999999999999922e-01,2.880824206654797326e+00,6.658070605998075986e-02
1.479999999999999927e-01,2.891015088449930825e+00,6.653373317834215817e-02
1.484999999999999931e-01,2.901208266793982915e+00,6.648743208521440406e-02
1.489999999999999936e-01,2.911403732202015870e+00,6.644178524002598840e-02
1.494999999999999940e-01,2.921601475409115523e+00,6.639678555424625983e-02
1.499999999999999944e-01,2.931801487178891108e+00,6.635241043950830531e-02
1.504999999999999949e-01,2.942003758500213895e+00,6.630865127416314675e-02
1.509999999999999953e-01,2.952208280355553160e+00,6.626548830664105716e-02
1.514999999999999958e-01,2.962415043975925144e+00,6.622290600237100422e-02
1.519999999999999962e-01,2.972624040678492729e+00,6.618088635255031660e-02
1.524999999999999967e-01,2.982835261892760048e+00,6.613941018784581793e-02
1.529999999999999971e-01,2.993048699240316690e+00,6.609846279026326821e-02
1.534999999999999976e-01,3.003264344428898891e+00,6.605802080107303631e-02
1.539999999999999980e-01,3.013482189323986038e+00,6.601806839693621920e-02
1.544999999999999984e-01,3.023702225898159845e+00,6.597858408089460336e-02
1.549999999999999989e-01,3.033924446279415932e+00,6.593954706662007170e-02
1.554999999999999993e-01,3.044148842838476199e+00,6.590093628832072170e-02
1.559999999999999998e-01,3.054375407923944241e+00,6.586273603535781895e-02
1.565000000000000002e-01,3.064604134108522171e+00,6.582492093619826679e-02
1.570000000000000007e-01,3.074835014138370681e+00,6.578746809765485815e-02
1.575000000000000011e-01,3.085068040832411373e+00,6.575036331029808501e-02
1.580000000000000016e-01,3.095303207281395075e+00,6.571357616146908387e-02
1.585000000000000020e-01,3.105540506551042412e+00,6.567709566340297622e-02
1.590000000000000024e-01,3.115779931977158412e+00,6.564089195587753667e-02
1.595000000000000029e-01,3.126021477089961920e+00,6.560494841766477403e-02
1.600000000000000033e-01,3.136265135382418467e+00,6.556924417114982917e-02
1.605000000000000038e-01,3.146510900750290496e+00,6.553375495965602093e-02
1.610000000000000042e-01,3.156758767061401016e+00,6.549846313680428300e-02
1.615000000000000047e-01,3.167008728387299854e+00,6.546334601471742731e-02
1.620000000000000051e-01,3.177260778934578589e+00,6.542838396901874687e-02
1.625000000000000056e-01,3.187514913183404186e+00,6.539355799974612415e-02
1.630000000000000060e-01,3.197771125572034911e+00,6.535884772962829992e-02
1.635000000000000064e-01,3.208029410882154320e+00,6.532423184633280588e-02
1.640000000000000069e-01,3.218289763969369055e+00,6.528969278084979788e-02
1.645000000000000073e-01,3.228552179886028384e+00,6.525521292665545370e-02
1.650000000000000078e-01,3.238816653785761446e+00,6.522077285485393394e-02
1.655000000000000082e-01,3.249083181028254330e+00,6.518635465803659934e-02
1.660000000000000087e-01,3.259351757150725337e+00,6.515194106097618731e-02
1.665000000000000091e-01,3.269622377806808977e+00,6.511751676316303306e-02
1.670000000000000095e-01,3.279895038843969601e+00,6.508306218350423666e-02
1.675000000000000100e-01,3.290169736273819368e+00,6.504856407508237404e-02
1.680000000000000104e-01,3.300446466254070454e+00,6.501400692451721197e-02
1.685000000000000109e-01,3.310725225154892648e+00,6.497937630502431672e-02
1.690000000000000113e-01,3.321006009387201807e+00,6.494465641442961901e-02
1.695000000000000118e-01,3.331288815744919862e+00,6.490983859039160808e-02
1.700000000000000122e-01,3.341573640978895199e+00,6.487490338480410290e-02
1.705000000000000127e-01,3.351860482052434254e+00,6.483984409950534211e-02
1.710000000000000131e-01,3.362149336218135609e+00,6.480464728463668223e-02
1.715000000000000135e-01,3.372440200761193552e+00,6.476930283037758695e-02
1.719999999999999862e-01,3.382733073165872906e+00,6.473380004187155590e-02
1.724999999999999867e-01,3.393027951080002769e+00,6.469812909935596101e-02
1.729999999999999871e-01,3.403324832388898269e+00,6.466228409842290914e-02
1.734999999999999876e-01,3.413623715079156629e+00,6.462625349093173432e-02
1.739999999999999880e-01,3.423924597243894752e+00,6.459003302357824161e-02
1.744999999999999885e-01,3.434227477301610598e+00,6.455361505050627446e-02
1.749999999999999889e-01,3.444532353691756921e+00,6.451699382401743232e-02
1.754999999999999893e-01,3.454839225070318154e+00,6.448016583827431703e-02
1.759999999999999898e-01,3.465148090281873205e+00,6.444312441611491082e-02
1.764999999999999902e-01,3.475458948371815460e+00,6.440586670393225188e-02
1.769999999999999907e-01,3.485771798415807865e+00,6.436839108274930443e-02
1.774999999999999911e-01,3.496086639759596437e+00,6.433069581451063279e-02
1.779999999999999916e-01,3.506403471928788207e+00,6.429277598610974587e-02
1.784999999999999920e-01,3.516722294581704933e+00,6.425463550295432147e-02
1.789999999999999925e-01,3.527043107490753560e+00,6.421627317875099050e-02
1.794999999999999929e-01,3.537365910657099377e+00,6.417768804882179046e-02
1.799999999999999933e-01,3.547690704254200522e+00,6.413888345459754781e-02
1.804999999999999938e-01,3.558017488553887109e+00,6.409986172173565144e-02
1.809999999999999942e-01,3.568346264098072318e+00,6.406062358922670619e-02
1.814999999999999947e-01,3.578677031397237585e+00,6.402117525083714233e-02
1.819999999999999951e-01,3.589009791358839685e+00,6.398151927446601994e-02
1.824999999999999956e-01,3.599344544901978082e+00,6.394166187364125342e-02
1.829999999999999960e-01,3.609681293126777657e+00,6.390160722593454801e-02
1.834999999999999964e-01,3.620020037356880493e+00,6.386136236588590975e-02
1.839999999999999969e-01,3.630360778971807978e+00,6.382093457204714160e-02
1.844999999999999973e-01,3.640703519585076542e+00,6.378032851600468067e-02
1.849999999999999978e-01,3.651048260942334256e+00,6.373955504390153848e-02
1.854999999999999982e-01,3.661395004979567602e+00,6.369862377180035562e-02
1.859999999999999987e-01,3.671743753706104840e+00,6.365753988163426469e-02
1.864999999999999991e-01,3.682094509386806713e+00,6.361631645930232448e-02
1.869999999999999996e-01,3.692447274330770579e+00,6.357496158800184094e-02
1.875000000000000000e-01,3.702802051088074364e+00,6.353348600512288835e-02
1.880000000000000004e-01,3.713158842338598387e+00,6.349190334029650162e-02
1.885000000000000009e-01,3.723517650901340126e+00,6.345022152469692589e-02
1.890000000000000013e-01,3.733878479739069167e+00,6.340845585369808690e-02
1.895000000000000018e-01,3.744241331961238650e+00,6.336661741416410587e-02
1.900000000000000022e-01,3.754606210840283786e+00,6.332471858587192248e-02
1.905000000000000027e-01,3.764973119769129184e+00,6.328277270098824070e-02
1.910000000000000031e-01,3.775342062366544127e+00,6.324079657847291036e-02
1.915000000000000036e-01,3.785713042248389559e+00,6.319879890781134046e-02
1.920000000000000040e-01,3.796086063288385049e+00,6.315679807876534158e-02
1.925000000000000044e-01,3.806461129444069336e+00,6.311480711181879921e-02
1.930000000000000049e-01,3.816838244886020970e+00,6.307284183071845685e-02
1.935000000000000053e-01,3.827217413833131854e+00,6.303091579263486732e-02
1.940000000000000058e-01,3.837598640664364069e+00,6.298904547856121194e-02
1.945000000000000062e-01,3.847981929947272839e+00,6.294724729762969651e-02
1.950000000000000067e-01,3.858367286303546084e+00,6.290553654572238196e-02
1.955000000000000071e-01,3.868754714566166708e+00,6.286392786454286785e-02
1.960000000000000075e-01,3.879144219628651413e+00,6.282243871375915722e-02
1.965000000000000080e-01,3.889535806561470910e+00,6.278108625088900385e-02
1.970000000000000084e-01,3.899929480524151781e+00,6.273988385084473818e-02
1.975000000000000089e-01,3.910325246833963320e+00,6.269885246567680204e-02
1.980000000000000093e-01,3.920723110935068867e+00,6.265800381128423802e-02
1.985000000000000098e-01,3.931123078305390539e+00,6.261735672062998526e-02
1.990000000000000102e-01,3.941525154745904924e+00,6.257693088768236100e-02
1.995000000000000107e-01,3.951929345944081629e+00,6.253673825987383916e-02
2.000000000000000111e-01,3.962335657837684266e+00,6.249679593538443739e-02
2.005000000000000115e-01,3.972744096462847541e+00,6.245712163573163139e-02
2.010000000000000120e-01,3.983154667924391212e+00,6.241773359045935110e-02
2.015000000000000124e-01,3.993567378512816290e+00,6.237864528906202771e-02
2.020000000000000129e-01,4.003982234577415866e+00,6.233987480252945607e-02
2.025000000000000133e-01,4.014399242576910609e+00,6.230143813999520358e-02
2.030000000000000138e-01,4.024818409043364298e+00,6.226335029320216596e-02
2.034999999999999865e-01,4.035239740738179925e+00,6.222562780496929125e-02
2.039999999999999869e-01,4.045663244398892466e+00,6.218828690100797890e-02
2.044999999999999873e-01,4.056088926913216319e+00,6.215134243436968436e-02
2.049999999999999878e-01,4.066516795233473758e+00,6.211481057454799198e-02
2.054999999999999882e-01,4.076946856460417656e+00,6.207870529417953975e-02
2.059999999999999887e-01,4.087379117770470138e+00,6.204304058981595371e-02
2.064999999999999891e-01,4.097813586409902342e+00,6.200783400119472960e-02
2.069999999999999896e-01,4.108250269739073701e+00,6.197309851920664026e-02
2.074999999999999900e-01,4.118689175230101363e+00,6.193884574368870716e-02
2.079999999999999905e-01,4.129130310333566811e+00,6.190509152026502093e-02
2.084999999999999909e-01,4.139573682754416950e+00,6.187184924779597084e-02
2.089999999999999913e-01,4.150019300097483210e+00,6.183913269443507693e-02
2.094999999999999918e-01,4.160467170205666143e+00,6.180695175952083398e-02
2.099999999999999922e-01,4.170917300889268375e+00,6.177532247386826464e-02
2.104999999999999927e-01,4.181369700158829694e+00,6.174425487678485841e-02
2.109999999999999931e-01,4.191824375864234398e+00,6.171375972002911270e-02
2.114999999999999936e-01,4.202281336202286610e+00,6.168384882248253986e-02
2.119999999999999940e-01,4.212740589258028301e+00,6.165453341951496885e-02
2.124999999999999944e-01,4.223202143267844377e+00,6.162582238949308039e-02
2.129999999999999949e-01,4.233666006491985101e+00,6.159772768085432920e-02
2.134999999999999953e-01,4.244132187225041264e+00,6.157025687316302481e-02
2.139999999999999958e-01,4.254600693928660249e+00,6.154342061453917101e-02
2.144999999999999962e-01,4.265071535028982730e+00,6.151722659538699095e-02
2.149999999999999967e-01,4.275544718957971391e+00,6.149168261757510107e-02
2.154999999999999971e-01,4.286020254397299389e+00,6.146679647548164427e-02
2.159999999999999976e-01,4.296498149896506469e+00,6.144257607356794909e-02
2.164999999999999980e-01,4.306978414090117724e+00,6.141902871496449784e-02
2.169999999999999984e-01,4.317461055720341001e+00,6.139615718871326011e-02
2.174999999999999989e-01,4.327946083549177203e+00,6.137397054896245180e-02
2.179999999999999993e-01,4.338433506311848653e+00,6.135247238495585009e-02
2.184999999999999998e-01,4.348923332893755322e+00,6.133167006411956168e-02
2.190000000000000002e-01,4.359415572087163682e+00,6.131156560011923745e-02
2.195000000000000007e-01,4.369910232872935119e+00,6.129216300353181046e-02
2.200000000000000011e-01,4.380407324085826559e+00,6.127346460354757968e-02
2.205000000000000016e-01,4.390906854754430100e+00,6.125547484601736453e-02
2.210000000000000020e-01,4.401408833859022707e+00,6.123819601886497377e-02
2.215000000000000024e-01,4.411913270399090869e+00,6.122162824865188396e-02
2.220000000000000029e-01,4.422420173400896992e+00,6.120577496585295069e-02
2.225000000000000033e-01,4.432929551918642019e+00,6.119063625017126529e-02
2.230000000000000038e-01,4.443441415002452821e+00,6.117621405930198653e-02
2.235000000000000042e-01,4.453955771778709938e+00,6.116250414167422045e-02
2.240000000000000047e-01,4.464472631310345996e+00,6.114950935609714949e-02
2.245000000000000051e-01,4.474992002723156226e+00,6.113722694530000779e-02
2.250000000000000056e-01,4.485513895096373993e+00,6.112565733871030277e-02
2.255000000000000060e-01,4.496038317576167564e+00,6.111479808385512219e-02
2.260000000000000064e-01,4.506565279273200275e+00,6.110464432021273790e-02
2.265000000000000069e-01,4.517094789308029767e+00,6.109519556588714762e-02
2.270000000000000073e-01,4.527626856809948031e+00,6.108644786009662792e-02
2.275000000000000078e-01,4.538161490866914782e+00,6.107839685818491904e-02
2.280000000000000082e-01,4.548698700596577993e+00,6.107104104860304472e-02
2.285000000000000087e-01,4.559238495092722943e+00,6.106437222276993315e-02
2.290000000000000091e-01,4.569780883437488228e+00,6.105838774584931156e-02
2.295000000000000095e-01,4.580325874735717839e+00,6.105308150284560753e-02
2.300000000000000100e-01,4.590873477957793547e+00,6.104844711552897402e-02
2.305000000000000104e-01,4.601423702245811320e+00,6.104447889655480186e-02
2.310000000000000109e-01,4.611976556504959746e+00,6.104116958559627909e-02
2.315000000000000113e-01,4.622532049769652041e+00,6.103851344889135028e-02
2.320000000000000118e-01,4.633090191016090209e+00,6.103650258486722352e-02
2.325000000000000122e-01,4.643650989127927176e+00,6.103512942790395579e-02
2.330000000000000127e-01,4.654214453060994572e+00,6.103438567628806377e-02
2.335000000000000131e-01,4.664780591630842466e+00,6.103426205456887604e-02
2.340000000000000135e-01,4.675349413675721877e+00,6.103475284443102972e-02
2.344999999999999862e-01,4.685920928000705032e+00,6.103584551422028270e-02
2.349999999999999867e-01,4.696495143331121724e+00,6.103753359456223770e-02
2.354999999999999871e-01,4.707072068422567312e+00,6.103980487763763230e-02
2.359999999999999876e-01,4.717651711885118893e+00,6.104265214666818734e-02
2.364999999999999880e-01,4.728234082341077560e+00,6.104606316388584697e-02
2.369999999999999885e-01,4.738819188345223310e+00,6.105002937299956745e-02
2.374999999999999889e-01,4.749407038413919757e+00,6.105454041706753765e-02
2.379999999999999893e-01,4.759997641027439386e+00,6.105958211426618792e-02
2.384999999999999898e-01,4.770591004517627631e+00,6.106514539685394677e-02
2.389999999999999902e-01,4.781187137286178945e+00,6.107122047203979165e-02
2.394999999999999907e-01,4.791786047565983253e+00,6.107779324935922599e-02
2.399999999999999911e-01,4.802387743578292678e+00,6.108485380094481887e-02
2.404999999999999916e-01,4.812992233475088533e+00,6.109238897603960078e-02
2.409999999999999920e-01,4.823599525306490499e+00,6.110038800074663740e-02
2.414999999999999925e-01,4.834209627090022110e+00,6.110883747663990034e-02
2.419999999999999929e-01,4.844822546795476192e+00,6.111772685970016245e-02
2.424999999999999933e-01,4.855438292208710038e+00,6.112704107924706726e-02
2.429999999999999938e-01,4.866056871137115714e+00,6.113676934911644462e-02
2.434999999999999942e-01,4.876678291294374468e+00,6.114689754968890417e-02
2.439999999999999947e-01,4.887302560280077479e+00,6.115741310928736463e-02
2.444999999999999951e-01,4.897929685581475567e+00,6.116830440895718729e-02
2.449999999999999956e-01,4.908559674753341540e+00,6.117955721453537110e-02
2.454999999999999960e-01,4.919192535062902216e+00,6.119115824699370570e-02
2.459999999999999964e-01,4.929828273818711359e+00,6.120309565786043182e-02
2.464999999999999969e-01,4.940466898183803579e+00,6.121535367990189880e-02
2.469999999999999973e-01,4.951108415244962480e+00,6.122792130666476762e-02
2.474999999999999978e-01,4.961752831986522949e+00,6.124078409046009031e-02
2.479999999999999982e-01,4.972400155292125312e+00,6.125392889794391282e-02
2.484999999999999987e-01,4.983050391978467886e+00,6.126734129669217377e-02
2.489999999999999991e-01,4.993703548653866342e+00,6.128100935663285259e-02
2.494999999999999996e-01,5.004359631966799782e+00,6.129491925576866646e-02
2.500000000000000000e-01,5.015018648379482080e+00,6.130905801240914277e-02
2.505000000000000004e-01,5.025680604263325080e+00,6.132340909470598150e-02
2.510000000000000009e-01,5.036345505864591843e+00,6.133796203361937399e-02
2.515000000000000013e-01,5.047013359338743399e+00,6.135270458909523189e-02
2.520000000000000018e-01,5.057684170675929458e+00,6.136762026272106485e-02
2.525000000000000022e-01,5.068357945891912131e+00,6.138269660072605272e-02
2.530000000000000027e-01,5.079034690702683541e+00,6.139791961967817902e-02
2.535000000000000031e-01,5.089714410824235813e+00,6.141327985095130365e-02
2.540000000000000036e-01,5.100397111789207294e+00,6.142876084614502796e-02
2.545000000000000040e-01,5.111082799073192184e+00,6.144435055402475143e-02
2.550000000000000044e-01,5.121771477985894272e+00,6.146003255470960241e-02
2.555000000000000049e-01,5.132463153725256966e+00,6.147579849273257513e-02
2.560000000000000053e-01,5.143157831362914045e+00,6.149163398628653548e-02
2.565000000000000058e-01,5.153855515768518636e+00,6.150752478639701093e-02
2.570000000000000062e-01,5.164556211836752730e+00,6.152346032479029392e-02
2.575000000000000067e-01,5.175259924204437922e+00,6.153942744291050759e-02
2.580000000000000071e-01,5.185966657428070725e+00,6.155541252298286914e-02
2.585000000000000075e-01,5.196676415897672818e+00,6.157140515196606045e-02
2.590000000000000080e-01,5.207389203904894792e+00,6.158739091085495970e-02
2.595000000000000084e-01,5.218105025557451704e+00,6.160336153731588854e-02
2.600000000000000089e-01,5.228823884882731754e+00,6.161929614309894637e-02
2.605000000000000093e-01,5.239545785725349347e+00,6.163519404784903455e-02
2.610000000000000098e-01,5.250270731813507119e+00,6.165103604295953110e-02
2.615000000000000102e-01,5.260998726711259010e+00,6.166681167056835278e-02
2.620000000000000107e-01,5.271729773839470390e+00,6.168251355023152138e-02
2.625000000000000111e-01,5.282463876511901191e+00,6.169812900199567879e-02
2.630000000000000115e-01,5.293201037822290900e+00,6.171364052456468352e-02
2.635000000000000120e-01,5.303941260817810033e+00,6.172904466020767006e-02
2.640000000000000124e-01,5.314684548315708135e+00,6.174432617008694668e-02
2.645000000000000129e-01,5.325430902992374982e+00,6.175947560252249835e-02
2.650000000000000133e-01,5.336180327417095803e+00,6.177448433877573419e-02
2.655000000000000138e-01,5.346932823974056781e+00,6.178934082370281244e-02
2.660000000000000142e-01,5.357688394897849982e+00,6.180403480718881654e-02
2.665000000000000147e-01,5.368447042279877124e+00,6.181855298747142985e-02
2.670000000000000151e-01,5.379208768085809389e+00,6.183289301728736587e-02
2.675000000000000155e-01,5.389973574020550551e+00,6.184703866798688804e-02
2.680000000000000160e-01,5.400741461787838205e+00,6.186098266298908216e-02
2.685000000000000164e-01,5.411512432798044614e+00,6.187471773034732003e-02
2.690000000000000169e-01,5.422286488361423906e+00,6.188822954853737818e-02
2.695000000000000173e-01,5.433063629625831226e+00,6.190151485506625861e-02
2.700000000000000178e-01,5.443843857597093994e+00,6.191456180910436674e-02
2.705000000000000182e-01,5.454627173115150107e+00,6.192736503918674223e-02
2.710000000000000187e-01,5.465413576787686800e+00,6.193991247977877201e-02
2.715000000000000191e-01,5.476203069189214290e+00,6.195219630005918687e-02
2.720000000000000195e-01,5.486995650638127664e+00,6.196421219477536713e-02
2.725000000000000200e-01,5.497791321320110391e+00,6.197594846239515981e-02
2.730000000000000204e-01,5.508590081263101013e+00,6.198739939284630268e-02
2.735000000000000209e-01,5.519391930290730386e+00,6.199856068467004405e-02
2.740000000000000213e-01,5.530196868144558131e+00,6.200942181666098396e-02
2.745000000000000218e-01,5.541004894323414476e+00,6.201997485168565805e-02
2.750000000000000222e-01,5.551816008193418028e+00,6.203021783564549585e-02
2.755000000000000226e-01,5.562630208983900815e+00,6.204013966340227865e-02
2.760000000000000231e-01,5.573447495723375944e+00,6.204973474327155070e-02
2.765000000000000235e-01,5.584267867262242113e+00,6.205900041298898634e-02
2.770000000000000240e-01,5.595091322310618231e+00,6.206792767647468373e-02
2.775000000000000244e-01,5.605917859417968607e+00,6.207651527321385310e-02
2.780000000000000249e-01,5.616747476923628746e+00,6.208475373425186017e-02
2.785000000000000253e-01,5.627580173087771698e+00,6.209263956600784284e-02
2.790000000000000258e-01,5.638415945901652293e+00,6.210016809905925111e-02
2.795000000000000262e-01,5.649254793324507418e+00,6.210733501158845205e-02
2.800000000000000266e-01,5.660096712976810274e+00,6.211413738316875349e-02
2.805000000000000271e-01,5.670941702441777643e+00,6.212056572919156389e-02
2.810000000000000275e-01,5.681789759121602224e+00,6.212662227382959035e-02
2.814999999999999725e-01,5.692640880161198069e+00,6.213230302716129388e-02
2.819999999999999729e-01,5.703495062664151405e+00,6.213760106659725613e-02
2.824999999999999734e-01,5.714352303510532138e+00,6.214251578751366079e-02
2.829999999999999738e-01,5.725212599407532466e+00,6.214704458809230253e-02
2.834999999999999742e-01,5.736075946908094636e+00,6.215118322115493338e-02
2.839999999999999747e-01,5.746942342373658974e+00,6.215493246701012803e-02
2.844999999999999751e-01,5.757811782080097807e+00,6.215828560691089716e-02
2.849999999999999756e-01,5.768684262048336286e+00,6.216124422660487814e-02
2.854999999999999760e-01,5.779559778160182404e+00,6.216380814833254859e-02
2.859999999999999765e-01,5.790438326203148023e+00,6.216597344154131677e-02
2.864999999999999769e-01,5.801319901745300989e+00,6.216774213752138123e-02
2.869999999999999774e-01,5.812204500144580344e+00,6.216910795023575936e-02
2.874999999999999778e-01,5.823092116686166442e+00,6.217007465129709143e-02
2.879999999999999782e-01,5.833982746428228339e+00,6.217064050384218249e-02
2.884999999999999787e-01,5.844876384322414964e+00,6.217080704022871079e-02
2.889999999999999791e-01,5.855773025177768432e+00,6.217057367850474525e-02
2.894999999999999796e-01,5.866672663526842690e+00,6.216994099933393497e-02
2.899999999999999800e-01,5.877575293862610017e+00,6.216891027791339452e-02
2.904999999999999805e-01,5.888480910468497420e+00,6.216748219667279918e-02
2.909999999999999809e-01,5.899389507499290808e+00,6.216566059059466798e-02
2.914999999999999813e-01,5.910301078928751117e+00,6.216344390349126670e-02
2.919999999999999818e-01,5.921215618582791329e+00,6.216083396590447313e-02
2.924999999999999822e-01,5.932133120133658011e+00,6.215783611288144828e-02
2.929999999999999827e-01,5.943053577091195194e+00,6.215444888354156733e-02
2.934999999999999831e-01,5.953976982873282253e+00,6.215067935546986222e-02
2.939999999999999836e-01,5.964903330645174862e+00,6.214652898110776397e-02
2.944999999999999840e-01,5.975832613518577752e+00,6.214199873792068674e-02
2.949999999999999845e-01,5.986764824406127339e+00,6.213709685658491688e-02
2.954999999999999849e-01,5.997699956056894877e+00,6.213182207808776170e-02
2.959999999999999853e-01,6.008638001148356445e+00,6.212618191997509171e-02
2.964999999999999858e-01,6.019578952132142113e+00,6.212018260758815635e-02
2.969999999999999862e-01,6.030522801361512641e+00,6.211382333402472311e-02
2.974999999999999867e-01,6.041469541015685785e+00,6.210711324370304237e-02
2.979999999999999871e-01,6.052419163173762939e+00,6.210005702667091565e-02
2.984999999999999876e-01,6.063371659753029164e+00,6.209265854901390574e-02
2.989999999999999880e-01,6.074327022532234110e+00,6.208492401682978029e-02
2.994999999999999885e-01,6.085285243159160196e+00,6.207686338446700980e-02
2.999999999999999889e-01,6.096246313133161010e+00,6.206847722822497748e-02
3.004999999999999893e-01,6.107210223824368178e+00,6.205977456094745326e-02
3.009999999999999898e-01,6.118176966511527759e+00,6.205076251946738120e-02
3.014999999999999902e-01,6.129146532246959822e+00,6.204144894371883129e-02
3.019999999999999907e-01,6.140118912066100165e+00,6.203184003175498534e-02
3.024999999999999911e-01,6.151094096793094934e+00,6.202194198119138913e-02
3.029999999999999916e-01,6.162072077181655949e+00,6.201176626943284698e-02
3.034999999999999920e-01,6.173052843807963264e+00,6.200131768853928138e-02
3.039999999999999925e-01,6.184036387178348804e+00,6.199060631189302895e-02
3.044999999999999929e-01,6.195022697650128585e+00,6.197964092509038181e-02
3.049999999999999933e-01,6.206011765450821116e+00,6.196842702915885542e-02
3.054999999999999938e-01,6.217003580748569291e+00,6.195697705477715839e-02
3.059999999999999942e-01,6.227998133476940090e+00,6.194529968036939505e-02
3.064999999999999947e-01,6.238995413624215836e+00,6.193340452817782532e-02
3.069999999999999951e-01,6.249995410916162619e+00,6.192129887540536587e-02
3.074999999999999956e-01,6.260998115067486935e+00,6.190899505639602812e-02
3.079999999999999960e-01,6.272003515596152212e+00,6.189650118150260422e-02
3.084999999999999964e-01,6.283011602018960140e+00,6.188382807003822011e-02
3.089999999999999969e-01,6.294022363648982932e+00,6.187098737175027868e-02
3.094999999999999973e-01,6.305035789805697455e+00,6.185798945077267824e-02
3.099999999999999978e-01,6.316051869582733680e+00,6.184484256102441846e-02
3.104999999999999982e-01,6.327070592084201195e+00,6.183155943393325860e-02
3.109999999999999987e-01,6.338091946244239772e+00,6.181815186931517020e-02
3.114999999999999991e-01,6.349115920963231297e+00,6.180462814467018590e-02
3.119999999999999996e-01,6.360142505015828895e+00,6.179100325586970449e-02
3.125000000000000000e-01,6.371171687043970522e+00,6.177728467372224641e-02
3.130000000000000004e-01,6.382203455737908371e+00,6.176348929950770117e-02
3.135000000000000009e-01,6.393237799609196692e+00,6.174962250193804375e-02
3.140000000000000013e-01,6.404274707040167769e+00,6.173569837567483010e-02
3.145000000000000018e-01,6.415314166386378858e+00,6.172173055637623917e-02
3.150000000000000022e-01,6.426356165975448675e+00,6.170772962627168318e-02
3.155000000000000027e-01,6.437400694031967241e+00,6.169370664887750128e-02
3.160000000000000031e-01,6.448447738640243010e+00,6.167967423126477500e-02
3.165000000000000036e-01,6.459497287861304393e+00,6.166564569991186268e-02
3.170000000000000040e-01,6.470549329734057942e+00,6.165162967273366684e-02
3.175000000000000044e-01,6.481603852122207243e+00,6.163764233029878775e-02
3.180000000000000049e-01,6.492660843012272309e+00,6.162369431851088403e-02
3.185000000000000053e-01,6.503720290077035671e+00,6.160979652904546855e-02
3.190000000000000058e-01,6.514782181140035711e+00,6.159596246202761471e-02
3.195000000000000062e-01,6.525846503880456950e+00,6.158220397543586605e-02
3.200000000000000067e-01,6.536913245935575212e+00,6.156852939229968957e-02
3.205000000000000071e-01,6.547982394863502087e+00,6.155495519870498450e-02
3.210000000000000075e-01,6.559053938262513483e+00,6.154149174695990737e-02
3.215000000000000080e-01,6.570127863585367045e+00,6.152815259073261128e-02
3.220000000000000084e-01,6.581204158302280227e+00,6.151494538077050683e-02
3.225000000000000089e-01,6.592282809827593404e+00,6.150188392541653531e-02
3.230000000000000093e-01,6.603363805503468242e+00,6.148898097880704100e-02
3.235000000000000098e-01,6.614447132681962493e+00,6.147624788437549420e-02
3.240000000000000102e-01,6.625532778690103264e+00,6.146369208712911675e-02
3.245000000000000107e-01,6.636620730810681934e+00,6.145132861439303595e-02
3.250000000000000111e-01,6.647710976230445823e+00,6.143916456937126985e-02
3.255000000000000115e-01,6.658803502257796936e+00,6.142721440280080741e-02
3.260000000000000120e-01,6.669898296035244201e+00,6.141548866498400955e-02
3.265000000000000124e-01,6.680995344771072375e+00,6.140399435709968656e-02
3.270000000000000129e-01,6.692094635652611423e+00,6.139274357914743796e-02
3.275000000000000133e-01,6.703196155778132770e+00,6.138174547378880824e-02
3.280000000000000138e-01,6.714299892313428941e+00,6.137100954286287685e-02
3.285000000000000142e-01,6.725405832426040398e+00,6.136054541015494718e-02
3.290000000000000147e-01,6.736513963244505909e+00,6.135036127932573524e-02
3.295000000000000151e-01,6.747624271853710276e+00,6.134046725357865382e-02
3.300000000000000155e-01,6.758736745406640267e+00,6.133087106592369220e-02
3.305000000000000160e-01,6.769851371048134503e+00,6.132158021264078746e-02
3.310000000000000164e-01,6.780968135903240324e+00,6.131260349543405513e-02
3.315000000000000169e-01,6.792087027099332985e+00,6.130394817349688746e-02
3.320000000000000173e-01,6.803208031808317457e+00,6.129562138643980529e-02
3.325000000000000178e-01,6.814331137196568022e+00,6.128762849177259164e-02
3.330000000000000182e-01,6.825456330465094368e+00,6.127997543806552871e-02
3.335000000000000187e-01,6.836583598832366881e+00,6.127267232742337338e-02
3.340000000000000191e-01,6.847712929530826109e+00,6.126572201648507188e-02
3.345000000000000195e-01,6.858844309772830883e+00,6.125912723834986418e-02
3.350000000000000200e-01,6.869977726863580436e+00,6.125289559134161621e-02
3.355000000000000204e-01,6.881113168163283333e+00,6.124703288855331412e-02
3.360000000000000209e-01,6.892250620968988883e+00,6.124154089924872812e-02
3.365000000000000213e-01,6.903390072711626857e+00,6.123642031725762269e-02
3.370000000000000218e-01,6.914531510793022306e+00,6.123167860301348409e-02
3.375000000000000222e-01,6.925674922687758084e+00,6.122731798357265026e-02
3.380000000000000226e-01,6.936820295918733059e+00,6.122333960995119534e-02
3.385000000000000231e-01,6.947967618028342507e+00,6.121974153622244952e-02
3.390000000000000235e-01,6.959116876688785425e+00,6.121653238708314043e-02
3.395000000000000240e-01,6.970268059485242418e+00,6.121370675606955386e-02
3.400000000000000244e-01,6.981421154206618240e+00,6.121126600382298388e-02
3.405000000000000249e-01,6.992576148605730957e+00,6.120921231605071927e-02
3.410000000000000253e-01,7.003733030597795839e+00,6.120754275987554116e-02
3.415000000000000258e-01,7.014891788003733808e+00,6.120625772336006631e-02
3.420000000000000262e-01,7.026052408886025447e+00,6.120535247561204734e-02
3.425000000000000266e-01,7.037214881233230912e+00,6.120482822227142627e-02
3.430000000000000271e-01,7.048379193203581750e+00,6.120468045572270005e-02
3.435000000000000275e-01,7.059545333045243787e+00,6.120490632560479649e-02
3.439999999999999725e-01,7.070713288953993647e+00,6.120550142931345527e-02
3.444999999999999729e-01,7.081883049336902047e+00,6.120646195205810269e-02
3.449999999999999734e-01,7.093054602637712591e+00,6.120778419157012207e-02
3.454999999999999738e-01,7.104227937406395021e+00,6.120946348848560481e-02
3.459999999999999742e-01,7.115403042256366106e+00,6.121149161167271230e-02
3.464999999999999747e-01,7.126579905916587521e+00,6.121386377200913054e-02
3.469999999999999751e-01,7.137758517219626953e+00,6.121657256042799949e-02
3.474999999999999756e-01,7.148938865011732702e+00,6.121961163318936916e-02
3.479999999999999760e-01,7.160120938390609702e+00,6.122297583083417122e-02
3.484999999999999765e-01,7.171304726424859943e+00,6.122665179008850850e-02
3.489999999999999769e-01,7.182490218387101777e+00,6.123063588994164669e-02
3.494999999999999774e-01,7.193677403561305361e+00,6.123491725759253046e-02
