X,mean_prediction,standard_deviation
0.0,0.15930251040333587,0.24321176741888642
0.0002831355038895,0.8891783505082458,0.2336728852769159
0.0006355749087763,1.7970449058550457,0.22237781135630144
0.0010130286302678,2.7685385097518065,0.21098723124723742
0.001408909783923,3.786571205262362,0.19981842509139183
0.0018197470906673,4.84211215414507,0.18906165004847786
0.0022440361316522,5.931207929732636,0.1788343646369082
0.0026813684243236,7.052728343552985,0.16921763104609178
0.0031319442996163,8.207106434283219,0.16027483692109978
0.0035963218291528,9.395689056926926,0.1520600286543163
0.0040589163127692,10.578561086981722,0.14485796599640696
0.0044447343233539,11.564251658427565,0.13957321191188868
0.0047501899410515,12.344084774684461,0.13583664161447723
0.0051019934261049,13.241654179296575,0.1320020505006185
0.0054515835197904,14.132959084689901,0.12866468710868698
0.0058032759086135,15.029012430247235,0.1257551312770775
0.0061609757231939,15.939752546217505,0.12322532218472175
0.0065261443289127,16.86887562409686,0.12105432298012005
0.0068995405636405,17.818282768169297,0.11922554259319872
0.007281624079286,18.78911066744007,0.11772119808821992
0.0076729278073727,19.782679699447556,0.11651988626598936
0.0080739665612836,20.800261577576578,0.11559725967352881
0.008485274405618,21.843174370517488,0.11492624591784784
0.0089075101769157,22.913049764296545,0.11447746221074433
0.0093413681079509,24.011605937431767,0.11422004830867866
0.0097876059765572,25.14071868032883,0.1141221844173662
0.0102470436805238,26.302417505628682,0.11415164289789892
0.0107017006995094,27.4512403237691,0.11426996852631964
0.0111041484172705,28.467507065230052,0.11442069548907347
0.0115248697987761,29.52930152071108,0.11460144622457825
0.0118307711318906,30.300934178631994,0.11473675268786078
0.0121860869972659,31.19681881100834,0.11488865660440714
0.0125402573762465,32.08940352274652,0.1150266013779739
0.0128982376251462,32.99118443853425,0.11514542278706791
0.0132618570407498,33.90676625870091,0.11523909793990726
0.013632626853124,34.839946127851135,0.11530176631628616
0.0140121285682528,35.79469246204104,0.11532769015091818
0.0144008377732942,36.77218773348261,0.11531122168892695
0.0147993165292425,37.77383123777338,0.11524713915813564
0.0152080437384519,38.80081273588286,0.11513070942124035
0.0156276315354041,39.85465650923561,0.11495768639189455
0.016058777977846,40.93710221100753,0.11472432077074714
0.0165020108944936,42.049462056518905,0.11442757439705117
0.0169442155892534,43.158829995997394,0.11407682190818019
0.017322881009811,44.10848685062024,0.11373561390134647
0.0177445145637609,45.16558739808909,0.1133144864676425
0.0181709484074349,46.23440401345897,0.11284807597354085
0.0185862994365553,47.27515397830393,0.1123585497319164
0.0188913127401923,48.03925928922058,0.11197925138811068
0.0192492524663793,48.93578108288068,0.11151516913414712
0.0196105085124896,49.84043222249966,0.11102859208529033
0.0199756646396972,50.754681868377475,0.11052098063102632
0.0203488835559115,51.68895719395891,0.10998871133437894
0.0207247478702231,52.62970353692867,0.10944194413405517
0.021085511056105,53.532523457985235,0.10890981283352123
0.0214639032193695,54.479336918470835,0.10834684404681771
0.0218541959943335,55.455810046982606,0.10776401660913311
0.022252803990137,56.452978697953995,0.10716967929883998
0.0226887858272642,57.54353598216949,0.1065243202364323
0.0231349515333928,58.65947226485082,0.10587286311720084
0.0235895041729344,59.79630938545938,0.10522242873514513
0.0239705785834508,60.749334335685944,0.10469014400252095
0.0243788040860833,61.770233580999275,0.10413549924430764
0.0247911817744287,62.80150363311441,0.10359374332830266
0.0252114571570697,63.8525273903972,0.1030628384870062
0.0256415965143203,64.92823986903,0.10254355829464752
0.0260666411031942,65.99124923029467,0.10205595410334835
0.0263906580231723,66.80163082692798,0.10170209714702834
0.0267645992245695,67.73692471682944,0.10131355670668579
0.0271285935237218,68.64740053292553,0.10095623959723823
0.0274860830419686,69.54167404357759,0.1006256764721502
0.0278422587763414,70.43273794162906,0.10031656317203123
0.028218698035868,71.37458977301048,0.10001183725624166
0.0286024382767606,72.33481851989882,0.09972431081176701
0.0290306136890146,73.40638126859585,0.09943065968779986
0.0294670747898465,74.49885178742761,0.09916016672970993
0.0299291852401243,75.65572934627517,0.09890449789288269
0.0304150413321029,76.87230142484805,0.09866831358640049
0.0307736722111633,77.77047947503661,0.09851437630502966
0.0311880745397549,78.8085317003447,0.09835687224309772
0.0315830993145224,79.79825106545195,0.09822585833923897
0.0319829535186728,80.80028636338602,0.09811092152328156
0.0323903905770219,81.82155832393073,0.09801066303571629
0.0328072098814219,82.86660288295752,0.09792412265998013
0.0332343611583027,83.93783079262766,0.09785050398835607
0.0336657999420626,85.02010934859345,0.09778977459765553
0.0340979949994003,86.10459681864495,0.09774076656500684
0.0344263909736571,86.92884130217271,0.09771026830957044
0.0348120442039436,87.8970406569224,0.0976806530413756
0.0351922610998608,88.85185686888326,0.09765678934604004
0.0355888159354425,89.8479891765437,0.09763619693861617
0.0359729030069437,90.81308959602302,0.09761916506965826
0.0363705818069722,91.81264626227221,0.09760326438186594
0.0368185947880606,92.93909573256406,0.09758589132241788
0.0372699693662458,94.07441237967396,0.0975672853071107
0.0376418009443938,95.00997830188498,0.09754995268064581
0.0380575178129468,96.05631172674202,0.09752728865477589
0.03847145494566,97.09853634233423,0.09750019628487065
0.0388846841121853,98.13935315079561,0.09746762282748313
0.0393101385405632,99.21135914935712,0.09742733284001916
0.0397550500302979,100.33282730454266,0.09737689556237324
0.0402152144305688,101.49321864445847,0.09731482874419306
0.0406741509185626,102.65100140347295,0.09724203628249159
0.0410119861550675,103.5035902684067,0.09718106913254802
0.0413945328925142,104.46934150281413,0.09710412497927445
0.0417557461155661,105.3815544622621,0.09702350954990852
0.0421149503392795,106.28900301899466,0.09693547592931312
0.0424876863608988,107.23096444346083,0.0968356751813823
0.0428735770862984,108.20652346570023,0.09672317255438191
0.043279625093269,109.23343180414304,0.09659465019042314
0.0436727485973046,110.22803654338622,0.096460309425662
0.0439999649294294,111.05618393314126,0.09634110120454326
0.044367841854039,111.9875520702044,0.09619915023059905
0.0447382521193576,112.92566974782676,0.0960478747321928
0.0451149599992743,113.88008308095505,0.09588562432819321
0.0454993612366322,114.85434798511506,0.09571156332283068
0.0458923971975712,115.85087357613611,0.09552501743087038
0.0462951013839899,116.87230658951648,0.09532525556643186
0.0467079871932485,117.91997819477547,0.09511181793071691
0.0471316921545407,118.9955371670685,0.09488423005043292
0.0475668624947576,120.100657363766,0.09464207379603931
0.0480142615015178,121.23731321824744,0.09438494047951919
0.0484746635599327,122.40751104054289,0.09411250532650413
0.0489280664012764,123.5604184775575,0.09383732018578747
0.0492980278170839,124.50151703714346,0.09360833200722772
0.0496890399898933,125.49651827223443,0.09336257137217183
0.0500699899118929,126.46626214992648,0.09311999823641814
0.0503667855979192,127.22201985511856,0.09292923400300436
0.0507237036723536,128.13114488428982,0.09269817602893413
0.051080700803278,129.04076651109062,0.09246571556211679
0.0514437494454716,129.96610757291455,0.09222841741954683
0.0518158505415277,130.91483304938447,0.09198477940738188
0.0521927426505125,131.87609220973172,0.09173811327870361
0.052572730022272,132.84556673489533,0.091490085465423
0.0529575824119642,133.82777836068635,0.09124012848256301
0.0533499328528847,134.8294588441131,0.09098717631247867
0.0537585780008041,135.8730924514639,0.09072635742404692
0.0541918042553707,136.97989048789714,0.09045349634408217
0.0546387145402102,138.12205918125437,0.09017671461543551
0.0550846464830056,139.26213651981925,0.08990605857436744
0.055429222078374,140.14335965964892,0.08970116199042172
0.0558086071628929,141.11387810068481,0.0894802629451743
0.0561689436306563,142.03592831917013,0.08927536638293525
0.0565462074810176,143.00156088992117,0.08906633485544893
0.0569229082367917,143.96602048522982,0.08886356267767552
0.0572064258081947,144.6920788065836,0.08871506422503163
0.0575501432126173,145.57249927755765,0.0885399720998957
0.0578975465502346,146.46257653319117,0.0883687025642245
0.058250765359538,147.3677713272864,0.08820064145303995
0.0586111457524426,148.29154094017395,0.08803567325168606
0.0589793814148152,149.2356726347698,0.08787406526964772
0.0593559592449091,150.20142460723582,0.08771623108272524
0.0597413657416762,151.19005477816427,0.08756261945049308
0.0601361074716435,152.20287325840036,0.08741371650867685
0.0605407159095302,153.24125474576067,0.08727003709414505
0.0609557732941116,154.30670492787613,0.08713211525981872
0.0613819303745483,155.40090608781065,0.08700050685554825
0.0618198880770104,156.52567012658074,0.08687579157555705
0.0622704163032003,157.68298685302034,0.08675857060067722
0.06273436315558,158.8750477681806,0.08664946289432689
0.0632114955808343,160.10126622103417,0.08654933687396332
0.0636545983702433,161.2402716911747,0.08646709355897123
0.0639506182711582,162.00132230647978,0.08641778712289552
0.0643085544956092,162.92168508067516,0.086364056951786
0.0646617258157709,163.82992912064947,0.08631720936439954
0.0650170142566181,164.74374612820247,0.08627608832126171
0.0653774058910624,165.67081502882138,0.08624033914628143
0.0657445558917777,166.61539427838943,0.08620988370207472
0.0661193814812764,167.5798451703813,0.08618475976573049
0.0665026107950933,168.5660430265125,0.08616504360785783
0.0668950768916304,169.57613349890744,0.08615081191133428
0.0672973924077887,170.61169513823006,0.08614215413958361
0.0677099914393589,171.6738467485393,0.08613915035916264
0.0681338963587544,172.7652213550864,0.08614185699281161
0.0685696468933313,173.8872092517322,0.08615031817982839
0.0690179603807806,175.0416574823248,0.08616454826904921
0.0694796140187071,176.2305666404609,0.08618452566102426
0.0699416739251211,177.4206216393468,0.08620938203781031
0.0703189339923789,178.39233723777215,0.08623290234360471
0.0706229167470787,179.17535005277023,0.08625374542083515
0.0709712763223441,180.0727091535191,0.0862794972637615
0.0713173822185797,180.96429914346663,0.08630684050398708
0.0716659924128065,181.86237235621957,0.08633593526901392
0.0720202901235732,182.77512570920953,0.08636687970306083
0.0723818982530791,183.70673686784357,0.08639966373429735
0.0727515992367092,184.65921806644474,0.08643420193215944
0.0731298418502537,185.63372146720576,0.08647036093022972
0.0735171804501994,186.63167068876646,0.08650800143303888
0.0739141024634163,187.6543162452872,0.08654696059878096
0.0743211125692056,188.70295234388686,0.08658705211660236
0.0747388537543925,189.77922864310312,0.08662808123583508
0.0751679960977477,190.88486360422758,0.0866698295297265
0.0756092691088607,192.02172761303154,0.08671206185259323
0.07606346545467,193.19185241803643,0.08675451473842924
0.0765171622425169,194.3606474373919,0.08679562941976393
0.0769071347120233,195.36523798292183,0.08682975939902336
0.0773252238930907,196.44221097236732,0.08686494167516047
0.0776216317710427,197.205706880628,0.08688892294931079
0.0779710826844677,198.1057938095364,0.08691609539644146
0.078318589781491,199.0008291713748,0.08694187316081656
0.0786697416539221,199.90520314934838,0.08696659799503975
0.0790273062108702,200.82603877443762,0.08699035477249313
0.0793924624858833,201.76636562997373,0.08701308742510665
0.079765893459899,202.72793483334317,0.08703469518340923
0.080148071432659,203.71195410046857,0.0870550589495233
0.0805396048905765,204.71998085016457,0.08707405885130086
0.0809410366794363,205.75340243798564,0.0870915662050748
0.0813528895050135,206.81355326633638,0.08710744692877488
0.0817758284367436,207.90213293521083,0.08712157020886792
0.0822105597291894,209.0209456049779,0.0871338030442889
0.0826578489648033,210.17194648325312,0.08714400955241149
0.0831030246786408,211.31737233572494,0.08715182736528787
0.0834877941319237,212.3072612498254,0.08715675373501795
0.0839136727955348,213.402785091057,0.08716029226780544
0.0843319754828181,214.47868835408372,0.08716188192283918
0.0846263813617788,215.235840138208,0.08716192424534912
0.0849777075431112,216.13929069352162,0.08716085958172486
0.0853275081404206,217.0387206877167,0.08715864105942708
0.0856819789555166,217.95005816153207,0.08715527418368307
0.0860432557637137,218.87878755110432,0.0871507450460403
0.0864123231560085,219.8274317671021,0.08714504352967513
0.0867899013930495,220.79783298268376,0.08713816047005588
0.0871765201211654,221.79134237677863,0.08713009308196086
0.0875728196564245,222.80959447357236,0.08712084354185456
0.0879793617865575,223.85402087316106,0.08711041807169749
0.0883966981879323,224.92602606772925,0.08709883521207834
0.0888255277159546,226.0273913557503,0.08708611446939526
0.0892665925781701,227.16000791404804,0.08707228551091806
0.0897042523091192,228.28370598187757,0.08705793476505211
0.0900838225204746,229.258116880319,0.08704507204699087
0.0905025933554831,230.33300830335065,0.0870305237761718
0.090926559387929,231.42107057245084,0.08701550532192522
0.0913427125114786,232.48892100158264,0.08700057024798194
0.0916412113914158,233.25477198956287,0.08698978668117302
0.0919973294128222,234.1683476039434,0.08697688644644365
0.0923564824140565,235.08959089128984,0.08696388506976709
0.0927094959370011,235.99497067381162,0.08695115529507727
0.0930622850755522,236.89966088661822,0.08693852124002793
0.093408699797673,237.7878939534312,0.0869262345569349
0.0937661165574199,238.70422261515705,0.08691371366144211
0.0941317800221412,239.64157407532184,0.08690109735531429
0.0945104343639695,240.61209980035346,0.08688826777595765
0.0948984022891666,241.60636408877326,0.08687539610117424
0.0953240801775293,242.69711588253995,0.08686161911891571
0.0957612402418092,243.81712371145113,0.08684786818442164
0.0962072497556148,244.95963272409426,0.08683426849438276
0.0965778560705707,245.9088570538952,0.0868233047140565
0.0969756896267334,246.92768812767463,0.08681187572957044
0.0973771635347306,247.95570759704424,0.0868006915146982
0.0977859537458816,249.00232460505504,0.08678965122751804
0.0982040116334489,250.072529052115,0.08677870696365637
0.0986325449248933,251.16940513439476,0.08676782337244222
0.0990665079873198,252.2800327118821,0.08675711403112144
0.0994988217663806,253.386295676195,0.08674671723179771
0.0998386004677085,254.25566877279925,0.0867387055406198
0.1002176406028807,255.22539764200337,0.08672990284895847
0.1005978279361544,256.1979574236175,0.0867211789693652
0.1009937417576918,257.21063900396257,0.08671216388637104
0.1013840234969295,258.20880921433127,0.08670329975752733
0.1017842653018984,259.2323470406918,0.08669418428542576
0.1022296643247452,260.3712429389125,0.08668394319523624
0.1025751117429337,261.25447401672136,0.08667588280609052
0.1029641911955203,262.2491749508117,0.0866666328954558
0.1033316433077726,263.18850205813214,0.08665768342179436
0.1036802498531382,264.0795820704516,0.08664896016432545
0.104059334226994,265.04849044129514,0.08663917058084802
0.1044481961414327,266.04230939783156,0.08662874988362453
0.1048470044177972,267.0614675108445,0.08661760897196039
0.1052561283130241,268.10690576327033,0.08660564616487292
0.1056761225354619,269.1800391275101,0.08659274029381842
0.1061075870590529,270.28239828967344,0.08657875773598478
0.1065512285794797,271.4157866997921,0.08656355020393501
0.1070033513909734,272.57076211520325,0.08654711612717154
0.1074661232859904,273.7528626599742,0.08652925173774406
0.1078279170269932,274.6769737861541,0.08651450554531841
0.1082191556290314,275.676246842042,0.08649775941276723
0.1086098328991605,276.67404029470345,0.08648017071676417
0.1089922053168328,277.65058205540845,0.08646209154069127
0.1092960806522792,278.4266232174705,0.08644709982510503
0.1096591828130978,279.3538901648426,0.08642844506512025
0.1100241809246987,280.2859702751957,0.0864088658506289
0.1103871778728851,281.2129145204817,0.08638856259508977
0.1107481853285748,282.1347559346541,0.08636753900008705
0.1111123538637805,283.0646493474778,0.08634548730748177
0.1114831070064475,284.0113387761012,0.08632216583344536
0.111862543477785,284.9801851541124,0.08629739092761848
0.1122616276360083,285.99918641201657,0.0862703513496076
0.1126931985667347,287.1011267653739,0.08623999315086527
0.1131656777383011,288.30751138043706,0.08620545318996502
0.1136545656664315,289.5557903504159,0.08616832395229022
0.1140043474270524,290.44889137730934,0.08614092145523485
0.1143924656776012,291.43988279283803,0.08610973248963896
0.1147810389965295,292.4320450613741,0.08607771873188365
0.1151504267490483,293.3752311409189,0.08604659124670143
0.1155377985103474,294.36435193445504,0.08601326762104859
0.1158357842832714,295.1252454284404,0.08598719082767275
0.1161736992356521,295.9881110886781,0.0859571870895274
0.116516701516565,296.8639852857232,0.08592629732189072
0.1168706181417796,297.7677510613066,0.08589401308140351
0.1172331747682625,298.69360472585686,0.08586055693678475
0.117604273115047,299.64129951830546,0.08582596507321094
0.1179842398213561,300.6116741813021,0.0857902473967324
0.1183733948793459,301.60555095288146,0.08575342303367205
0.1187722255748132,302.62417986280343,0.08571550940215722
0.1191812811530272,303.66896981039463,0.08567652569254962
0.119601170657279,304.74148314168997,0.08563650833710199
0.1200324972738455,305.84326803923614,0.085595506038428
0.1204760096515176,306.9762451617353,0.08555357895345356
0.1209325101541217,308.14247342081944,0.0855108069811081
0.1214028818345709,309.34421905358613,0.0854672877757719
0.1218593742536637,310.51058644716977,0.08542573648750239
0.1222068830266698,311.39854965724226,0.08539464638433839
0.1225329307557296,312.2317204908759,0.08536596295399773
0.1228857650425195,313.13339160108444,0.08533551740602985
0.1232374329643178,314.0321359777954,0.08530584926982952
0.1235925741613264,314.939812800847,0.08527663820607931
0.1239540119813314,315.8636416575755,0.08524775332997522
0.1243229583251824,316.8067248538064,0.08521921367127004
0.1247001813996708,317.7710314132055,0.08519109430850269
0.1250861431201182,318.7577480111431,0.08516351039748371
0.1254815948107885,319.7688018323679,0.08513657065386536
0.1258872925230905,320.806132928803,0.08511040751264418
0.1263037397976445,321.871036471719,0.08508518912640191
0.1267315547369955,322.9651012855684,0.08506109639314459
0.1271714367858774,324.09012501352845,0.08503833185137981
0.1276241161633288,325.2479849139054,0.08501712216317846
0.1280904612236049,326.4409125597158,0.08499771399883027
0.1285514307916976,327.62020382380433,0.08498104997426041
0.1288832322620152,328.46911707472464,0.08497064941901283
0.1292063840240504,329.2959571684478,0.08496182676924172
0.1295549367024839,330.1878532206756,0.08495378412765109
0.129901424355557,331.07453033809725,0.08494732282817763
0.1302521696905738,331.9721692314197,0.08494235980123502
0.1306092750102156,332.8861531470029,0.08493895432992243
0.1309735755603635,333.81862361550156,0.08493720562782352
0.1313461151055557,334.7722565901058,0.08493722978472555
0.131727565397945,335.748776445922,0.08493916017310826
0.1321183729076083,336.7493312775041,0.08494313474189387
0.1325189596004571,337.77500676966156,0.08494930437757238
0.1329299531358274,338.8274156258558,0.08495782472742637
0.1333519826875058,339.9081748803874,0.08496886112271458
0.1337857341106376,341.01904716658464,0.08498259152297859
0.1342319578191631,342.16196093542385,0.08499919797874181
0.1346914435314077,343.33894577682076,0.08501887110429317
0.1351651107188617,344.5523641589389,0.08504181265490895
0.1356106035533974,345.6937040275661,0.08506577870092856
0.1358919522506459,346.41455885375035,0.08508207003898965
0.1362448080359992,347.31867580878315,0.08510372666928824
0.1365925690111704,348.209792745125,0.08512636081414113
0.1369413529655753,349.1035839311953,0.08515029956021022
0.1372954168623204,350.0109583195881,0.08517581652771447
0.1376565589675083,350.9365257199679,0.08520304667543284
0.1380256118734697,351.8824216826906,0.08523206245947167
0.1384031774006282,352.85019051938434,0.08526291837830094
0.1387898703676714,353.84140996019414,0.0852956676258163
0.1391861945450344,354.8573731263168,0.08533034332308136
0.1395926988208942,355.89948876462586,0.08536697516960856
0.1400100114344696,356.96936897678825,0.08540559131780597
0.1404387448927347,358.0685854362091,0.08544620099869658
0.1408797893965773,359.19942163396627,0.08548882486169673
0.14133386974007,360.3637367855845,0.08553345053840643
0.1417875145299873,361.526986665398,0.0855786145934262
0.1421770613939048,362.5259123944852,0.08561773288013175
0.1425938527200924,363.59473697745125,0.08565979844474188
0.1428925991009215,364.36086608617916,0.0856900102417349
0.1432415147986146,365.25567289214814,0.08572528538509402
0.1435889609564336,366.14672978947056,0.08576032407630442
0.1439392249472025,367.0450299915392,0.08579547736274246
0.1442958754990321,367.9597242780874,0.08583101509879802
0.1446602512769551,368.89424422559387,0.08586696671867802
0.1450330078484196,369.85026929147716,0.08590327741042592
0.1454146251375217,370.8290280937217,0.0859398643414956
0.1458056909378692,371.83202552342846,0.08597663356165179
0.1462067273571381,372.86059750564164,0.08601346920142285
0.1466182746614914,373.916125976044,0.0860502325058009
0.1470409998784991,375.0003173148725,0.08608677337754056
0.1474756040088666,376.11496424906363,0.08612291814860638
0.147922851032981,377.2620201108366,0.0861584643034262
0.148368950995505,378.4061117807141,0.08619211174824527
0.1487524696060681,379.3896820554364,0.08621948801799914
0.1491781503316411,380.4813529666717,0.08624809191435753
0.1495933871352655,381.54620721288666,0.08627408099384128
0.1498913502220283,382.3102962934936,0.08629151219980295
0.1502428171045538,383.21156247936597,0.08631071044778359
0.1505934430528485,384.1106409348722,0.08632834024397093
0.1509473570593704,385.01811621672823,0.08634454386423962
0.1513077675472233,385.9422108093131,0.0863593465444877
0.1516761643917269,386.8867394222034,0.08637265389906969
0.1520532434216654,387.85347992715833,0.08638431593570635
0.1524395160267202,388.8437364959682,0.08639415376772903
0.1528355874463698,389.8590530126239,0.08640197332368463
0.1532419856004554,390.90077415527776,0.08640755849204482
0.1536592764840516,391.9703411087103,0.08641067453000865
0.1540881656792469,393.0695515851112,0.0864110648899207
0.1545293870643267,394.20027434264193,0.08640844600930313
0.1549678288343764,395.32377411161724,0.08640277214126041
0.1553470683522369,396.2954851418326,0.08639536944847409
0.155766286570692,397.36953742883634,0.08638447394684358
0.156190659011137,398.45668957453745,0.08637053062558517
0.1566049281814262,399.51785280831973,0.08635408180633941
0.1569054933389043,400.2876915678644,0.08634039093979895
0.1572621671721971,401.2011650344939,0.08632223048262726
0.1576173989675811,402.11086026762496,0.08630208136316359
0.1579814747681809,403.04311306505406,0.08627930532826726
0.158332933960689,403.942970379474,0.0862552860716488
0.158680099431564,404.8317458339734,0.08622961610235354
0.1590426301651482,405.7597616146086,0.08620076281424667
0.1594156973551362,406.7146438476775,0.08616890919624827
0.1598009720567124,407.70065723323205,0.08613374021561983
0.1602010399979117,408.72440411063144,0.08609480964912662
0.1606102272582927,409.77135076011473,0.08605249389340891
0.1610476725077725,410.8904427503294,0.08600451647951692
0.1615033055214508,412.05588868641644,0.08595160059095239
0.1618517385876637,412.9470092252013,0.08590915602649557
0.1622501812452752,413.96589679291355,0.08585857226649071
0.1626510055310313,414.99072907339723,0.08580553932497807
0.1630594147000932,416.0348017919896,0.08574935441800596
0.1634772062178675,417.1026978541049,0.08568970948920818
0.1639053479286116,418.1968768476945,0.08562639277764005
0.1643276905676665,419.2760616729356,0.08556184328815447
0.1646553741302373,420.1132498481893,0.08551038919719964
0.1650287523780909,421.06705216392584,0.08545035616935118
0.1653999886699395,422.01524439621426,0.08538924999470976
0.165761916594227,422.939527513372,0.08532837480064866
0.1661143246238143,423.8393705077324,0.08526792640369373
0.1664817912568277,424.77752824901836,0.08520372514005756
0.1668626762606222,425.7497958857275,0.08513598814159856
0.1672594642295158,426.7624971482146,0.08506421359802548
0.1676786203168609,427.83210754978063,0.08498714648408504
0.1680922068135013,428.8873231175676,0.0849099459250503
0.1684964860190813,429.9186163330887,0.08483346983666949
0.1688478278145155,430.81472734398267,0.08476626382136022
0.1692325109341645,431.79572482639924,0.08469196592603861
0.1696208760664237,432.78595045459224,0.08461627799214642
0.170016421819507,433.7943175187247,0.08453857411216498
0.1704207984951816,434.82502259606554,0.08445858329967351
0.1708350540946754,435.880724480201,0.0843761530591515
0.1712601197089051,436.9637820716889,0.08429116859375087
0.1716968264910907,438.0762977980048,0.08420353627906887
0.1721396292126604,439.2041329832573,0.08411446499896165
0.1725871694503053,440.34382049962005,0.0840243382899706
0.1729415810871752,441.2461982210807,0.0839529706491432
0.1733397208297747,442.25975339883007,0.08387287634081207
0.1737302568476287,443.2537879188021,0.08379447076617286
0.1741221972292372,444.2512349403405,0.08371601183631039
0.1745193520388391,445.2617876140139,0.0836368163216748
0.1749138509461966,446.26541962979536,0.08355853032204051
0.1752218189178991,447.0487991642585,0.08349772406054429
0.1755819725195088,447.9648000434536,0.08342700229041923
0.1759432478192185,448.88352117157774,0.0833565295152116
0.1763110758522574,449.8187707034667,0.08328530887549675
0.1766899339381226,450.78192447197216,0.08321256812400471
0.1770831253448272,451.78136758020264,0.08313778613524019
0.1775034554649851,452.8496275787038,0.08305870636454499
0.1779526653699971,453.99109781740117,0.0829752535637301
0.1784110048709375,455.15557106888446,0.08289130472063293
0.1788424054045984,456.25142487714766,0.08281346659824415
0.1791995528859144,457.15853160392726,0.08274992905018955
0.179583436368513,458.1334175779484,0.08268258592496597
0.1799657916889653,459.1042948118702,0.08261652260258018
0.1803538005420708,460.08939969335916,0.08255054999038959
0.1807280444478457,461.0394378068886,0.08248796534674796
0.1811390158374018,462.08257879888697,0.08242045170082772
0.1815341085796553,463.0852892975963,0.08235677518195932
0.1818815277658468,463.9669085022615,0.08230179407589085
0.1822887185365817,465.0000896397396,0.08223858501410229
0.1826808142987021,465.99485488576465,0.08217898827999759
0.1830645836920757,466.96839020556945,0.08212188068454891
0.1834411849562771,467.92364344903035,0.08206703106025985
0.1838326734773193,468.9165588849137,0.08201127078644195
0.1842524832701675,469.98119593832234,0.08195291187064452
0.184709075150787,471.1389904722164,0.08189113765739914
0.1851804180054959,472.3340629203303,0.08182922478146974
0.1856154756669298,473.437027580454,0.08177375693358264
0.1859908190407419,474.38852492076694,0.08172719436886376
0.1863782618087148,475.3706219638261,0.08168038407949553
0.1867641769525574,476.34877787026926,0.08163501525444365
0.1871538331085717,477.3363504635345,0.08159047560660737
0.1875490160877484,478.3378680196183,0.08154659652206725
0.1879438941496188,479.3385545007768,0.08150403708787504
0.1882409667380645,480.09135013872583,0.0814728610384878
0.1885895765966502,480.97470770390646,0.08143718719545856
0.1889390043554835,481.86010207510844,0.08140240647635488
0.1892945663137234,482.76100634402246,0.08136800970600895
0.1896602077343739,483.6874182922329,0.08133366485635356
0.1900395029254326,484.6483951281407,0.08129912704263899
0.1904430090143499,485.6706846989691,0.08126357955068637
0.1908821430167316,486.7832120337407,0.08122626691457678
0.1913406466730239,487.9447898917133,0.0811888051235777
0.191763364375542,489.01569449948147,0.08115559154999358
0.1921059736548804,489.8836495644646,0.08112958105477527
0.1924896892554533,490.8557418297569,0.0811013960044598
0.1928703703879067,491.82015103279264,0.08107440023682218
0.1932548649692305,492.7942303690361,0.08104808440084268
0.1936447832788045,493.7820646534092,0.08102235136487698
0.1940300211225011,494.75806052051485,0.08099784396449519
0.1944515019447321,495.82590536156204,0.08097204482150293
0.1948633292486906,496.8693265263282,0.08094783067477268
0.1952227665235927,497.78004259982845,0.08092747547177408
0.1956343131934598,498.8228319827467,0.08090503144824603
0.1960408208650323,499.85290336987237,0.08088373623689929
0.1964483687746665,500.8856663380575,0.08086323416108457
0.1968689144472663,501.95143137837294,0.08084292920871884
0.1973040237172126,503.0541798400518,0.08082280208328095
0.1977530389556309,504.1922599056852,0.08080293206787555
0.19820524498922,505.3385254763707,0.08078380643619734
0.1986362679278716,506.4311941989581,0.08076637271161777
0.1989941843204798,507.3386115586036,0.08075245873846763
0.1993973187801596,508.36075911516673,0.08073737461613642
0.1997976656828287,509.37593812064733,0.08072298928813848
0.2001922073957545,510.376498509635,0.08070936479081993
0.2005900954266001,511.3856526289019,0.08069615870348987
0.2009945380856648,512.411546810763,0.08068325913884385
0.2013927318861701,513.4217093419284,0.08067105416458904
0.2017111058424105,514.2294681899657,0.08066163287417719
0.2020701992756562,515.1406353824132,0.08065135335556643
0.2024350204408977,516.0664453435165,0.08064127048318588
0.2028126520466436,517.0248841759167,0.08063119970509994
0.20320908516083,518.0311769891705,0.0806210087210573
0.2036269081985585,519.0919200679928,0.08061067266384106
0.2040618367812066,520.1962637950492,0.08060033058699866
0.2045047116522673,521.3209725500783,0.08059021596138827
0.2049224498812496,522.3820245421375,0.08058103596550661
0.205262783131578,523.2466005290626,0.08057380438201545
0.2056497157842662,524.2297042022401,0.08056583928139913
0.2060333388895221,525.2045574095682,0.08055819655624041
0.206419687050227,526.186498231109,0.08055074577498757
0.2068120230743604,527.1838284240803,0.080543416619316
0.2072132465790534,528.203932270204,0.08053615843947062
0.2075973333571816,529.1806413930608,0.08052941858639856
0.2078962578597291,529.9409085653024,0.08052430985748632
0.208242118231085,530.8206832758151,0.08051853961555572
0.2085955079652015,531.7197607067355,0.08051279480596185
0.208959153278492,532.645090459846,0.08050703060733157
0.2093333597169158,533.5974663307425,0.08050125117312543
0.2097337255367193,534.6166154226812,0.08049522627724734
0.2101654684690874,535.7158666383475,0.08048890352471434
0.2106062810300041,536.8384596198739,0.08048262276539235
0.2110193914535005,537.8907370157831,0.08047689049044698
0.211347434828469,538.7264926179487,0.08047243584077778
0.2117270790368323,539.6938917128136,0.08046738443804441
0.2121058928577805,540.6593690500595,0.0804624501826153
0.212462583029455,541.5686388788163,0.08045789272635824
0.2128321303853959,542.510868194222,0.08045326130575181
0.2132171236338566,543.4926802427217,0.08044852551938142
0.2136180647897989,544.5153816235252,0.08044368661508453
0.2140456174204852,545.6062096882961,0.08043862834155374
0.2144491377114655,546.6359586846374,0.08043394551662349
0.2148058854654671,547.5465393119084,0.0804298740442291
0.2152191715058295,548.6016560124408,0.0804252364866912
0.2156213543779292,549.6286587946815,0.08042080267989554
0.2160234972886439,550.6557891521952,0.08041644300198499
0.2164267495342311,551.6859837102238,0.08041214325913676
0.2168505361926229,552.7688869794365,0.08040770384399121
0.2173053638680777,553.931393372477,0.08040302546201662
0.2177711527220543,555.1222199585463,0.08039832852703786
0.2181997408287861,556.2182111354778,0.08039408845282808
0.2185551251908521,557.1272013125999,0.08039063512178325
0.2189382296473893,558.1072919177823,0.08038697455200186
0.2193323146384985,559.115688281774,0.08038327941952178
0.2197119935056325,560.0874264695158,0.08037978851100702
0.2200920064084021,561.0602195214888,0.080376366791978
0.2205058874434669,562.1199374939315,0.08037272259155559
0.2209125020645771,563.1612780547293,0.08036923330672319
0.2212517157120253,564.0301759999129,0.08036639336987635
0.2216426777644073,565.0318195018917,0.08036320693342969
0.222019545986414,565.9975471713406,0.08036022590072994
0.222396411642099,566.9634553070064,0.08035734254612892
0.2227787586917686,567.9436013077502,0.08035452029867485
0.2231702634563101,568.9474180242105,0.0803517451293513
0.2235716135698049,569.9766802208032,0.08034903080730507
0.2239833950448261,571.0329031629662,0.08034639372958748
0.2244062201099614,572.1176703318779,0.08034385210641257
0.2248407204707682,573.232616136549,0.08034143039884199
0.2252873793965059,574.3789949011407,0.08033915379493962
0.2257313867639069,575.5187980859191,0.08033712446759866
0.2260908401904585,576.4417087127804,0.08033566640315606
0.2264916298234296,577.4709212852467,0.08033424671438684
0.2268590424661223,578.41457679632,0.08033314880453507
0.2272439438095513,579.4033040956128,0.08033222106716514
0.2276449561759963,580.4335807676543,0.08033151477315077
0.2279692725841485,581.2669301579008,0.08033114613556787
0.2283193081434891,582.1664829120564,0.0803309666166042
0.2286658939834428,583.0572864686837,0.08033102059913999
0.2290226902864697,583.9744506915158,0.08033133416811883
0.2293877419306521,584.9129554687825,0.0803319379344037
0.2297614669169415,585.873879904655,0.08033286739592307
0.2301441610380638,586.8579888981476,0.08033416646839053
0.2305363288711601,587.866584226751,0.08033587996564977
0.2309384873211918,588.9009994068474,0.08033806066162012
0.2313511698612201,589.9626105632342,0.08034076819976159
0.2317749837439349,591.0529835138295,0.080344075246506
0.2322106334105324,592.1739340041822,0.08034805444392083
0.2326588783479694,593.3274192237004,0.08035279434079427
0.2331205510311827,594.5155838712235,0.08035840345518713
0.2335775425679681,595.6918173289741,0.08036471827702844
0.23392237546037,596.5794408291404,0.08037000689577008
0.2343039162212021,597.5616187642154,0.08037640861386766
0.2346216232078187,598.3795221741893,0.08038219204574652
0.2349706079626757,599.2779942199995,0.08038904235453674
0.2353207398243913,600.1794651357632,0.08039645047262156
0.2356759351301948,601.0940149341768,0.08040453316141642
0.236037930013977,602.02611120246,0.08041337744213738
0.2364077719426658,602.9784484129341,0.08042306683973945
0.2367861316380405,603.9527506303275,0.08043368363799193
0.237173387454987,604.9499885180849,0.08044530968518117
0.2375704991691766,605.9726293173735,0.08045805613657957
0.2379779577914899,607.0219323466008,0.08047202607657074
0.2383963626505548,608.0994348691893,0.08048733964094801
0.238826364630127,609.2068057714496,0.0805041284696625
0.239268687734033,610.3459008829377,0.08052253973891499
0.2397240871991187,611.5186548542115,0.08054273846527128
0.2401934515840971,612.727343787381,0.08056491034014869
0.24064233983522,613.8832667632378,0.08058742985820536
0.2409090043660983,614.5699281269044,0.08060143018342086
0.2412573823175798,615.466973873059,0.08062042841852107
0.2416002033437231,616.3496762006544,0.08063991843183281
0.2419445818787595,617.2363496761536,0.08066030218189796
0.2422936282817065,618.1349969750736,0.08068179362217633
0.2426496711160402,619.0516061715316,0.08070459057056727
0.2430136628922781,619.9886211639387,0.0807288195429698
0.2433861083088436,620.9473318406672,0.08075458601854422
0.2437675514292772,621.9291282297345,0.08078200867825114
0.2441584627446035,622.9352096567454,0.0808112005426298
0.2445593016715693,623.9667455258314,0.08084229001793539
0.2449707041256882,625.0253578125848,0.08087541993949042
0.2453933045874485,626.1126628599304,0.08091074705944723
0.2458277957025332,627.2304244954721,0.08094843721330036
0.2462749325020891,628.3805645368702,0.08098867549496351
0.2467355122575364,629.5651106019213,0.08103165771526596
0.247195958991738,630.7491299755347,0.0810761780500358
0.2475721443942589,631.7163311473851,0.0811136954451066
0.2478760108444618,632.4974965873116,0.08114474721283216
0.2482221225635697,633.3871534995851,0.08118092160552952
0.2485653985648639,634.2694012348074,0.0812176408750278
0.2489110107284257,635.1575283352577,0.08125544459441773
0.2492626249963215,636.0609467446629,0.08129475369639494
0.2496216154193283,636.9831751072197,0.08133576208572867
0.249988749123379,637.9261705018871,0.08137859603158894
0.250364507780334,638.8911549694021,0.0814233576504726
0.2507494722464327,639.8796035503619,0.08147016058032577
0.2511441342360108,640.8927604912606,0.08151911251651847
0.2515490145301264,641.931942678988,0.08157032456712243
0.2519647415558098,642.9987410450412,0.08162391985922768
0.252391982979097,644.0948446161347,0.08168003017026074
0.2528314599041476,645.222076611506,0.08173879532598245
0.253283956485911,646.3824186912098,0.08180035788071315
0.2537367430745385,647.543208716088,0.0818629798984865
0.2541228901322541,648.5329191099445,0.08191714349354957
0.2545390596062723,649.5993273872591,0.08197625621537395
0.2548350082018186,650.3575163375353,0.08201872816620118
0.2551817188753254,651.2455797861039,0.08206892071038117
0.2555257151498782,652.126504143147,0.08211915593890545
0.255873688126318,653.0174208126264,0.08217037671813843
0.2562281182506991,653.9246693002351,0.08222293508093331
0.2565901457326709,654.8511536402802,0.08227698613920474
0.2569604843199596,655.7986837107746,0.0823326199212569
0.2573396445882122,656.768547463289,0.08238989565698711
0.2577282321786359,657.7622740084189,0.08244887346315337
0.2581267947558598,658.7812420020928,0.08250960806710687
0.2585358597228999,659.8267760787858,0.08257213762381546
0.2589560710503174,660.9004963937914,0.08263651097535718
0.2593881270864931,662.0041592502675,0.08270277721843539
0.2598327783953327,663.1396512026549,0.0827709798905959
0.2602759286006322,664.2709590948944,0.08283887591218554
0.2606571792166948,665.2439628657012,0.08289716038688813
0.261080117524984,666.3230522648082,0.08296161823051684
0.2614931622285704,667.3765856959799,0.0830242964561799
0.2617872876360876,668.1266078439658,0.08306872704544112
0.2621354097454889,669.0141176433244,0.08312106103203794
0.2624814867647504,669.8961934701947,0.08317277798712493
0.262831936582094,670.7891904033022,0.0832247932730321
0.2631891751409175,671.6992534007295,0.08327740697189216
0.2635542009079852,672.628911346168,0.08333069749354083
0.263927761863386,673.5800525310333,0.08338469373149474
0.2643103788030596,674.5539847300388,0.08343938638043406
0.2647026923223466,675.5523187650542,0.08349476692612251
0.2651052684297571,676.5764735991543,0.08355080857208029
0.2655186350463244,677.6277693318843,0.08360746125480359
0.2659434704428247,678.70790635288,0.08366468338094692
0.2663804979928638,679.8186972369149,0.0837224243335707
0.2668163484125181,680.9261496470426,0.08377880828973744
0.2671869140995594,681.867449079291,0.08382575534496955
0.2676022605852225,682.9222048165684,0.08387724251952032
0.2680220845998539,683.9880165692302,0.0839280207802405
0.2684364801270462,685.0397389708087,0.08397684628402706
0.2687290058761334,685.7819768306508,0.08401051242106129
0.2690782383913266,686.6679021585442,0.08404981082900193
0.2694267740532216,687.5518474556156,0.08408803913163349
0.269780116822599,688.4477696233953,0.08412576010364169
0.2701402803440659,689.3607655932719,0.08416311274835558
0.2705084122014989,690.2937328309927,0.08420012192434194
0.2708852453691615,691.2485156757466,0.08423676139440885
0.2712713763787505,692.2266111609351,0.08427297163589813
0.2716674380082169,693.2296066948038,0.0843086889073491
0.2720740401594084,694.259030305664,0.08434383680004191
0.2724917292482671,695.316247962357,0.08437831625723981
0.2729212058312589,696.4030144341814,0.08441202862821164
0.2733486910977648,697.484458231309,0.08444381844201235
0.2737133823507033,698.4068270180724,0.08446953728463442
0.274119375793613,699.4334223413316,0.08449663914989586
0.2745301100919772,700.4717591153749,0.08452241689846889
0.2749495947273418,701.5319662485854,0.08454703327271586
0.27537299667155,702.60182285466,0.08457013052324468
0.2757852261190179,703.6432118031662,0.08459093362663875
0.2761061234211733,704.4537159849424,0.084605981200591
0.2764688136025536,705.3696151984332,0.08462178532396122
0.2768394469053119,706.3053983426362,0.08463662848537326
0.2772131333618423,707.2487156327406,0.08465026484893749
0.2775929580531234,708.2073530665075,0.08466277243016969
0.2779812509170541,709.187185979099,0.08467416436083057
0.2783684490686855,710.1640831617697,0.0846841427817058
0.278759363596107,711.1501866044418,0.08469283671379793
0.2792157864528591,712.3013295572891,0.08470126603663013
0.2796618625537944,713.4261678248004,0.08470775374935496
0.2801372667103733,714.624742707907,0.08471280876661036
0.2806061888093277,715.806765134359,0.08471597425819968
0.2810211078166468,716.8524950931314,0.0847173137332969
0.2814725972823018,717.9902265567216,0.0847172647787579
0.281943282618397,719.1761543872417,0.08471560537492515
0.2824081216308331,720.3471858107077,0.08471242415166681
0.2828418947113295,721.4398158080003,0.08470813434846583
0.2831924427954271,722.3227182331611,0.08470377904490448
0.2835624820776793,723.254627837101,0.08469835788059797
0.2839369954211415,724.1977225884038,0.08469204986088401
0.2843126496621427,725.1436128299392,0.08468493305888956
0.2846935409315836,726.1026165063668,0.08467695743358666
0.2850814746206038,727.0792818965274,0.08466809498525622
0.2854825820675024,728.0890466169512,0.08465819382835256
0.2858786457066187,729.0860538823763,0.08464774045299095
0.2863288292039024,730.2192330204707,0.08463510556614687
0.2867689561617852,731.3270423723734,0.08462205608111655
0.2872313728900876,732.4909064707754,0.08460768661265743
0.2876846937160998,733.6318385976192,0.0845930233834847
0.2880795120472152,734.6255070533371,0.08457985385322854
0.2884911472246739,735.6614849382458,0.08456579246126009
0.2889058879882692,736.7052712985023,0.08455134217837776
0.2893281688966183,737.7680345786212,0.08453640158815501
0.289759669856064,738.8540112869814,0.08452096578200922
0.2901800994259841,739.9121414418478,0.08450582850713098
0.290512992728366,740.7499793078896,0.08449381385219318
0.2908886264795407,741.6954119606235,0.08448026928057048
0.2912623877392726,742.6361625676655,0.0844668481289478
0.2916405224448356,743.5879581262561,0.08445336789698676
0.2920236895140604,744.5524644836551,0.08443985156307572
0.2924036706604587,745.5090007874678,0.08442663228563839
0.2927873662667752,746.4749435440899,0.0844135121301265
0.2932054618383302,747.5275581320311,0.08439952483706478
0.2936208866031153,748.5735290542798,0.0843859931536235
0.2940327620036609,749.6106496629072,0.08437298559766099
0.2943805726719506,750.486524619686,0.08436235112563176
0.2947693211475062,751.4655749766971,0.08435087516185788
0.2951613800985359,752.4530577607802,0.08433977256503522
0.2955612900223314,753.4604192666884,0.08432897273254011
0.2959706908702915,754.491803648838,0.08431849623176475
0.2964164444135077,755.614909999611,0.0843077972366022
0.2968662319450545,756.7483365441876,0.08429778350274444
0.2972773299381171,757.7844129307487,0.08428934939413577
0.2976077526148572,758.617270138493,0.08428308681753785
0.2979867434721631,759.5726659202046,0.0842764830144753
0.2983630839854704,760.5215100924397,0.0842705565554905
0.2987400377765793,761.472034366554,0.08426526104308496
0.2991103136568641,762.4058542583516,0.08426069633116391
0.2994949138691038,763.3759450018406,0.08425662981285618
0.2998914833107059,764.3763859271276,0.08425317071721573
0.3003139175923008,765.4422606142762,0.08425030711485414
0.3007134886181839,766.4506263624644,0.08424838495170102
0.3010458032236243,767.28939819269,0.0842473700056105
0.3014184922801078,768.2302262431913,0.08424685933248487
0.3017932665570458,769.1764813801274,0.08424701470249844
0.3021747065015293,770.1397377496469,0.0842478553710765
0.3025646169999498,771.1245670057979,0.08424942346242272
0.3029639851341484,772.1334785338258,0.08425175900683653
0.3033733948114482,773.1679654775799,0.0842549113364179
0.3037936465174408,774.2300703138608,0.08425892405380259
0.3042254746096905,775.3216708532564,0.08426385618400387
0.3046688880909406,776.4428132071189,0.08426974167040147
0.305108787017497,777.5553288320225,0.08427637984483224
0.3054601354854811,778.4440861365438,0.0842822336374305
0.3058597271962034,779.4550828789215,0.08428946316539788
0.3062491918798655,780.4406697053782,0.08429707340631103
0.3066138463503408,781.3636629295943,0.0843046806299941
0.3070102302790725,782.367179892768,0.08431345191949771
0.3074143654589176,783.3905494468199,0.08432290413803202
0.3077495519879345,784.2395005425205,0.08433111255150778
0.3081405492308354,785.2300107828778,0.08434108040188203
0.3085138073959901,786.1757879905635,0.08435096357650244
0.3088869739361404,787.121534253878,0.08436117773382316
0.3092628174344825,788.0742689988692,0.08437177147748297
0.3096466202355353,789.0473918585049,0.08438287572741468
0.3100402865093261,790.0457461765473,0.08439453200950746
0.3104441765395739,791.0702632118773,0.0844067375952268
0.3108588040053388,792.1222646001552,0.08441948586839215
0.3112847268246679,793.2031857888651,0.08443276443257264
0.311722641518721,794.3148157641117,0.08444656821262865
0.3121733012233902,795.4590893341665,0.08446087662061758
0.3126375384415198,796.6381451199268,0.08447567139878291
0.3130873248797725,797.7807955110475,0.08448999993795432
0.3134475423322551,798.6961114660371,0.08450143711734229
0.3138360305888725,799.683471156095,0.08451369725653309
0.3141492360328653,800.4796521093376,0.08452350412191814
0.3145016139628974,801.3755763069203,0.08453442886526638
0.3148541607190617,802.2721036147559,0.0845452219883413
0.3152117531224369,803.181638315451,0.08455600461254083
0.3155761594487066,804.1086853194865,0.08456679222872218
0.3159485257732177,805.0561695968208,0.08457758517908333
0.3163295566510241,806.0258945493988,0.08458835473222083
0.3167198359714225,807.0193577031605,0.0845990692471723
0.3171200008814281,808.0381932527234,0.08460969340116663
0.3175306371516537,809.0839056954574,0.08462018286065369
0.3179523944965147,810.1581634273607,0.08463048574789228
0.3183859953876015,811.2628213251446,0.0846405453094712
0.3188319856652641,812.3992853470991,0.08465029278370934
0.3192912251242792,813.5697624727327,0.0846596562576794
0.3197440407463502,814.7241116821533,0.08466818238116464
0.3200891357555659,815.6040116414952,0.08467418936613613
0.3204731452835992,816.5832920973771,0.08468035410867353
0.320780522866843,817.3672681069729,0.08468488348420584
0.321127890511839,818.2533638956083,0.08468955342948596
0.3214746837217331,819.1381227580132,0.0846937322344126
0.3218266496479509,820.0362067167298,0.08469746515785935
0.3221856355057927,820.9523326602648,0.08470073653872512
0.3225525728523936,821.8888826010661,0.08470350915027282
0.3229281271422934,822.8475601954124,0.08470573493924569
0.3233127211525438,823.8294500454504,0.08470736490259345
0.3237068773405767,824.8358914117271,0.08470834066665522
0.3241111818661416,825.8683864539344,0.08470860264364867
0.3245262080805049,826.928404814942,0.08470808367073211
0.324952623384821,828.0176564864814,0.08470671063618766
0.3253911365397637,829.1379572204751,0.08470440249649794
0.3258424565880148,830.291123493007,0.08470107155562978
0.3263074611374457,831.4794023998693,0.0846966198459003
0.3267647927086161,832.6482110497891,0.0846912310415572
0.3270991022581571,833.502691822534,0.08468665664176384
0.3274189728073846,834.3203278330475,0.08468177800630727
0.3277655269075888,835.2062343703437,0.08467593611023762
0.3281101251248223,836.0872027684236,0.0846695589622398
0.3284579309985743,836.9764301198447,0.08466254752368693
0.3288122149280296,837.8822761821939,0.08465481336787146
0.3291742191617808,838.8079162820359,0.0846462990492228
0.3295445621383329,839.7549307738955,0.08463695034523462
0.329923797745813,840.7247347073571,0.08462671444740548
0.3303123643732927,841.718447390027,0.08461553488333451
0.3307107678124056,842.7373600026622,0.08460335426040856
0.3311195953394639,843.7829715362313,0.08459010608723688
0.331539480738694,844.8568992489018,0.08457571854420434
0.331971101102936,845.9608703603735,0.08456011636288832
0.3324151927184895,847.0967625003541,0.08454321564891054
0.3328725338616914,848.2665595366998,0.08452492532483145
0.3333440254391793,849.4725576288474,0.08450514728064407
0.3337922346962071,850.6190006860124,0.08448549051510809
0.3340657288576509,851.3185472204059,0.08447309630684532
0.3344161400351525,852.2148237280635,0.08445677821648248
0.3347604894505124,853.0955817790236,0.08444026869815066
0.3351066582703595,853.9809757441108,0.08442320971678899
0.3354571178665088,854.8773222253512,0.08440547232530454
0.3358147418283984,855.7919656061276,0.08438689710377226
0.3361804701921269,856.727303986132,0.08436741510945353
0.3365548691513825,857.6847785172577,0.08434697024743011
0.3369384525708859,858.6656956439401,0.08432550909773674
0.3373316596574722,859.6711699183215,0.08430298030819189
0.3377350152612723,860.7025338397652,0.08427932880648027
0.3381491496835295,861.7613883121521,0.08425448292082857
0.3385747119543953,862.8493806923507,0.08422837516524172
0.3390124111975889,863.968310373195,0.08420093247131466
0.3394630141888888,865.1201222865056,0.08417206570886133
0.3399273467399237,866.3069101771835,0.08414169273323267
0.3403904820715087,867.4905100559117,0.08411077929764707
0.3407706009476436,868.4618501395016,0.08408496127952043
0.3410829880057781,869.2600398772774,0.08406344907895798
0.341432668219399,870.1534392837348,0.08403906403478219
0.3417792851943389,871.0389269142179,0.08401458115248044
0.3421290347431711,871.9323279348464,0.08398957153256399
0.3424846292451927,872.8405643781007,0.0839638381691152
0.3428470246004396,873.7660695394588,0.08393730558887944
0.3432172359305119,874.7114265011187,0.08390989005078901
0.3435966770463611,875.6802345762408,0.08388147653810488
0.3439857665178462,876.673550134321,0.0838520197829222
0.3443848971232896,877.6923625495838,0.08382147953723164
0.344794627796124,878.7380840174592,0.08378980190694449
0.3452155864734428,879.812301286147,0.08375692739872768
0.345648451083732,880.9167269045429,0.08372279081419222
0.3460939684794902,882.0532473045314,0.0836873257500799
0.346552934857836,883.2238725816133,0.08365046067139618
0.3470088828781982,884.3865906226565,0.08361352738869604
0.3474093074960714,885.4075432520476,0.08358085532662553
0.3478249253598774,886.4670583734842,0.08354672796678844
0.3481370394078591,887.262597177003,0.08352096618333098
0.3484902867174728,888.1628550105379,0.08349168132115388
0.3488420628965963,889.0592311426444,0.08346239629612417
0.3491974534671464,889.9646817932226,0.08343269905362143
0.3495586938506959,890.8848957005539,0.0834024083939271
0.3499275013117632,891.8242383922188,0.08337139223926072
0.3503046685282515,892.7847181371326,0.08333959285681221
0.3506908415050331,893.7679682645976,0.08330696856231577
0.3510872964452081,894.7772249414556,0.0832734214881856
0.3514943665893643,895.8133219349693,0.08323894536150281
0.3519126045453105,896.8776503328118,0.08320351471692139
0.3523426584226108,897.9718428751657,0.08316709666458733
0.3527852459691805,899.0977079339355,0.08312966321154366
0.3532411607869616,900.2572451024462,0.0830911885545525
0.3536922767626067,901.4043478466192,0.08305323835653239
0.3540917095069125,902.4198399884044,0.08301976675318447
0.3545091550709897,903.4809369533759,0.0829849421150516
0.3548100543912635,904.2456674892892,0.08295995949283792
0.355160046804551,905.1350417703943,0.08293104276897882
0.3555078970053954,906.0188394619036,0.08290247123337109
0.3558588051806957,906.9102733097388,0.08287383708233013
0.3562163003320722,907.8183038150164,0.0828448842377327
0.3565815616477814,908.7459190578229,0.08281555051375196
0.3569553831861761,909.6951275562024,0.08278581107239075
0.357338316373147,910.6673207603599,0.082755669520612
0.3577310186841265,911.6641585773468,0.08272512717794778
0.35813404890887,912.6870496007177,0.08269420031771345
0.358547960315525,913.7373877526115,0.08266291288976407
0.358973343501451,914.8166610554617,0.0826312959195557
0.3594110666889115,915.9270611393877,0.08259937430973173
0.3598618659525197,917.0704435128282,0.08256719203216277
0.3603062043229608,918.1972561707807,0.08253620158487285
0.3607019732726201,919.2007512738492,0.0825092478381295
0.3611313091813136,920.289203249602,0.08248073767109643
0.361548630915276,921.3470476614602,0.08245378891309439
0.3618531994596043,922.1189904233179,0.08243461777755741
0.3622076804775092,923.0173455277545,0.0824128562178856
0.3625610936739769,923.9128976501888,0.0823917671284986
0.3629179804315222,924.8171568528487,0.08237110855649117
0.3632812811113028,925.7375726423124,0.08235075995869973
0.3636528821131394,926.67892204893,0.08233068126606134
0.3640335332631164,927.643101859765,0.08231090723895175
0.3644238220911019,928.6315976157493,0.08229149132398167
0.3648243861191889,929.6460215006882,0.08227249559238752
0.3652357530375242,930.6877076915189,0.08225399773535971
0.3656585771359155,931.758311237958,0.08223607842553897
0.3660935823536936,932.859663883246,0.08221883122651803
0.3665275541427877,933.958312376395,0.08220285127717146
0.3668975941698481,934.8950467452669,0.0821902150967255
0.367310099991591,935.9392176859765,0.08217722184074647
0.3677272194373762,936.9950058849427,0.08216527331829687
0.3681532692000794,938.0733416342919,0.0821543218061328
0.368566092340308,939.1181533620183,0.08214493467121532
0.3688885983492341,939.9343540648915,0.08213845030912101
0.3692472609631631,940.8420358345975,0.08213211532689399
0.3696122386511843,941.7656777078591,0.08212662637967358
0.369980238101735,942.6969494891164,0.08212207294524008
0.3703574938133165,943.6516328592188,0.08211843276260317
0.3707225851668199,944.5755261082522,0.08211589955745353
0.3710970019021538,945.5230161955988,0.08211431500189093
0.3714853750533176,946.5058279740406,0.0821137510121742
0.3718874279682725,947.5232682764545,0.08211432164746543
0.3723428225540878,948.6757174495287,0.08211638086358482
0.3728089963639376,949.855479214697,0.08212002352941812
0.3732600446193634,950.997005149824,0.08212501217419109
0.3736281981938392,951.9287770726078,0.0821301330475914
0.3740269257119272,952.9379750511725,0.08213672693547737
0.3744282521976861,953.9538056314559,0.08214444432057186
0.3748363757441105,954.9869040663398,0.08215337823437807
0.3752541040423451,956.0443890505194,0.08216362985211707
0.3756820286626574,957.1277716135664,0.08217526083709611
0.3761022810797438,958.191822629422,0.08218775740568321
0.376438525878737,959.0432432156595,0.08219849742234049
0.3768087722399112,959.9808392010164,0.0822110603765345
0.3771732015172624,960.9037897091912,0.08222414987104232
0.377533422583434,961.816170907674,0.08223776680461173
0.3778890492301355,962.7170062039586,0.08225184041308724
0.3782622067766156,963.662351293533,0.0822672502971817
0.3786510076224259,964.6474438868172,0.0822839661721986
0.3790824127004505,965.7406288331331,0.0823032478967645
0.3795257204500561,966.864145072439,0.08232380948496686
0.3799773987429914,968.0090615781592,0.0823454655731752
0.3803439219936103,968.938270913357,0.08236351143837826
0.3807628388272596,970.0004733565438,0.08238459839915466
0.3811724252488762,971.039194339719,0.0824056345806262
0.3815866048037459,972.089747971324,0.08242726749380433
0.3820108701125151,973.1660829287139,0.08244973608395866
0.3824556787558021,974.2947590384283,0.08247355012047798
0.382893280469029,975.4053792759878,0.08249716369173929
0.3833335149834764,976.5229204379066,0.08252102258705898
0.3837769539546759,977.6488458432359,0.08254508181593179
0.3841327678429949,978.552470585535,0.08256435023612649
0.3845280002144781,979.5564015528362,0.08258566088233063
0.3849148010456745,980.5391229349916,0.0826063660330264
0.3853047694595577,981.5301042425926,0.08262703966602401
0.3857004183470666,982.5357429927972,0.08264774756771714
0.3861031652259638,983.5596576128592,0.08266849692947463
0.386497692306415,984.5629086427871,0.08268843947730714
0.3868179738995118,985.3775323551381,0.08270431627700674
0.3871762197482699,986.2889032362655,0.0827217001779738
0.3875403307452354,987.215399668763,0.08273892917199151
0.3879153947015974,988.169985212262,0.08275616706380877
0.3883087398581863,989.1713405735645,0.08277364573330427
0.3887279621917864,990.2388487823628,0.08279154606686483
0.3891645064393663,991.3507724673618,0.08280932848366224
0.3896076078062045,992.479722120821,0.0828264222392663
0.3900309842531749,993.5587247220901,0.08284179831624774
0.390375740525288,994.4375838095511,0.08285359526800773
0.390759355406908,995.4157416098387,0.08286592667311567
0.3911425956292363,996.3931980532943,0.0828773743790491
0.3915286478562713,997.3780850074618,0.08288799791609362
0.3919207909756809,998.3787782165018,0.08289782454655843
0.3923200142105094,999.3978172131028,0.08290680356486586
0.3927140934598643,1000.4040027185765,0.08291462416469522
0.393019960490366,1001.1851501014826,0.08291996960559397
0.3933728049798037,1002.0864794957815,0.08292533251336039
0.3937316453366174,1003.0033534312679,0.08292988939624
0.3940986100037019,1003.941224387163,0.08293360818934255
0.3944759129741985,1004.9057693603099,0.08293642785808192
0.3948632848253365,1005.8963204808751,0.08293825190634448
0.3952609723344503,1006.9135300439884,0.08293899460322977
0.395669282248926,1007.9582048151206,0.08293856000441854
0.39608870999435,1009.0316357163465,0.0829368520283291
0.3965198126034644,1010.13527315174,0.08293376926572038
0.3969632793170115,1011.2709080956483,0.08292920531386735
0.3974034744685326,1012.3985095262105,0.0829232889986023
0.3977462428101223,1013.276779289532,0.08291774036951473
0.3981247455153574,1014.2468495878784,0.08291066810418458
0.3984815972495437,1015.1616585299344,0.08290310902112108
0.3988533382210844,1016.1148707405155,0.0828943335016073
0.3992394079424903,1017.1050751167204,0.08288426584016056
0.3996354564572744,1018.1211363408147,0.08287295754141903
0.3999622312353224,1018.9596745562812,0.0828629012441821
0.400317977537789,1019.8727587378598,0.08285123102388434
0.4006724436134055,1020.7827642341508,0.08283887951332393
0.4010327605283788,1021.7079998540285,0.08282561124239192
0.4014002860621161,1022.6519608884846,0.082811371647569
0.4017760290349689,1023.6172489520541,0.08279610960997923
0.4021605435812542,1024.6052992780242,0.08277979696497302
0.4025545345591818,1025.6179355093045,0.0827623953763033
0.4029588457741964,1026.6573398252222,0.08274386722487338
0.4033739787801813,1027.7248158085567,0.08272419574601717
0.4038005372679044,1028.821930412647,0.08270335900952004
0.4042392303767012,1029.950522691921,0.0826813450464054
0.4046908314280141,1031.1125977810443,0.08265814499387551
0.4051561904909153,1032.310359270101,0.08263375424284221
0.4056139163527313,1033.4887461114486,0.0826093784856597
0.4059491770792617,1034.35201983741,0.08259133612672949
0.4062687937494192,1035.1751378195258,0.0825740254074983
0.4066150090325849,1036.0668915058268,0.08255519225126184
0.4069597963215539,1036.9551029359282,0.08253639067657934
0.4073077322530687,1037.8515585680216,0.08251741261273658
0.4076620865376469,1038.7646835253981,0.08249812502752785
0.408024175228604,1039.6978719289182,0.08247850441467948
0.4083946710479691,1040.6528608415174,0.08245856862520294
0.4087741087264588,1041.6310318313263,0.08243835326375822
0.409162921474033,1042.633504632402,0.08241790482543303
0.4095616463256895,1043.661666389562,0.0823972762070457
0.4099708592497982,1044.7170043208243,0.08237652971946799
0.4103911988837451,1045.8011668071122,0.08235573321319886
0.4108233449849288,1046.915907698276,0.08233497016021593
0.4112680351014546,1048.063129116963,0.08231433596123527
0.4117260522125331,1049.244849356117,0.08229394211521991
0.4121982999668114,1050.463396711828,0.0822739112845524
0.4126444932338263,1051.61480554851,0.08225599896651117
0.4129223457490358,1052.33184695182,0.0822453726185363
0.4132728898782158,1053.23651681282,0.08223257760268465
0.4136177484228132,1054.1265475913751,0.08222068119422574
0.4139645615082431,1055.0216506483303,0.08220944287264989
0.4143164490789311,1055.9298728299218,0.08219881201086326
0.4146749736003703,1056.8552412162353,0.0821888095599877
0.4150407147166749,1057.799245619677,0.0821794981683618
0.4154154152682259,1058.7663772962915,0.08217092579755395
0.4157995223602332,1059.7577819851576,0.08216318087967077
0.4161933960954927,1060.7743795237875,0.08215637027781145
0.4165975510272985,1061.8174868304413,0.08215060218945365
0.4170125973214588,1062.8886657801922,0.08214599587706381
0.4174391794737712,1063.9895647473168,0.08214268528755929
0.4178780069968144,1065.1219974313935,0.08214081221567991
0.4183298411580223,1066.2879082013096,0.08214054089750837
0.4187955237546127,1067.489445862786,0.08214204487291456
0.4192598372533561,1068.6873263016096,0.08214537302591485
0.4196387691261717,1069.6648274934196,0.08214945468763726
0.4199566192461775,1070.4846821200663,0.08215383452272962
0.4203075370211162,1071.3897406030046,0.08215968447814567
0.4206554780257487,1072.2870217003256,0.08216654465971757
0.421006329805442,1073.1917015006402,0.08217453098258337
0.4213630213446185,1074.1113212406817,0.08218375272211705
0.4217269083044331,1075.0493620014677,0.08219430789838596
0.4220989391803647,1076.0082525226244,0.08220629610095237
0.4224796586423722,1076.9893782411345,0.08221981395790962
0.4228698618124579,1077.9947675351214,0.08223498024830783
0.4232704244860904,1079.026653519406,0.08225192232655401
0.4236818108363141,1080.0862056692386,0.08227076361801676
0.4241046120740591,1081.1749175008445,0.08229163906846974
0.4245394942002881,1082.2944713742072,0.08231469889942525
0.4249872053568012,1083.4467568137843,0.08234010881524322
0.425448532767711,1084.6337589970644,0.08236804295724921
0.4259076481514193,1085.8147247559064,0.08239758897700782
0.4262904518834932,1086.7991233737448,0.08242354130374133
0.4265926008280972,1087.5759328090826,0.08244486275354998
0.4269385873004523,1088.465244061932,0.08247017477700815
0.4272808494295766,1089.3447643618056,0.08249614827967185
0.42762626468398,1090.2321616316767,0.0825232933106689
0.4279778189082417,1091.1350915736439,0.0825518686337235
0.4283367598432843,1092.056738723375,0.08258202316087596
0.4287039364320117,1092.9992595246513,0.0826138799607808
0.4290798550518269,1093.9639277552378,0.08264754015519649
0.429465103707329,1094.9522236465345,0.08268311945918229
0.4298602263975348,1095.9655111925895,0.08272073704255083
0.4302657441009747,1097.005091864452,0.08276050942773414
0.4306822797574791,1098.072524691699,0.08280257788211563
0.4311105156343838,1099.1695162873439,0.0828470918095772
0.4315511808086734,1100.2978881629715,0.08289421404126507
0.4320050692477547,1101.459622358383,0.0829441285570076
0.4324555390760279,1102.6120974078913,0.08299502517925426
0.4328508086773853,1103.6229234198072,0.08304078379927356
0.4332662466457184,1104.6848899469442,0.08308996717591476
0.4335648124089443,1105.4478209187037,0.0831259954659729
0.4339125223481262,1106.3360318492523,0.08316866404920811
0.4342574525120433,1107.2168202034882,0.08321173422166246
0.4346060421044167,1108.1066235940307,0.08325600579261636
0.434960884655243,1109.0120442093466,0.0833018314660404
0.435323494546508,1109.936921648583,0.08334943782727847
0.4356946978022134,1110.8833339496123,0.0833989766829904
0.4360749579477452,1111.8524311014953,0.08345055593183429
0.4364648944440266,1112.8457571760155,0.08350430641301718
0.4368650467005097,1113.8646485173049,0.08356035393857539
0.4372759337735555,1114.9103859010575,0.08361882336558468
0.4376982239003534,1115.9846256369237,0.08367986282319226
0.4381326219567779,1117.0891123539732,0.08374363611502042
0.4385798923455533,1118.2257366293088,0.0838103081120682
0.4390232465047644,1119.3518126507734,0.0838773792300214
0.4394116280795027,1120.3377730524116,0.08393691317293418
0.4398374039080588,1121.4181346460427,0.08400298431532938
0.4402526587633109,1122.471264734675,0.08406820694492356
0.4405508758767645,1123.2272472723562,0.08411550248160439
0.4409014640583616,1124.1156397385712,0.08417157463340257
0.4412497541835661,1124.9978323610885,0.08422776062944909
0.4416023406541913,1125.8905242968285,0.08428510461498621
0.4419616345628748,1126.799801401783,0.08434399259527028
0.4423289875806676,1127.7290592690442,0.08440464736392786
0.4427052012947555,1128.6802964156523,0.08446719441024396
0.4430908092648623,1129.654829917672,0.08453171655434488
0.4434864397764897,1130.6542130055495,0.08459830448571438
0.4438926437956403,1131.6798001102798,0.0846670299853901
0.4443099841785412,1132.7329723154835,0.0847379562862384
0.4447391717666343,1133.8154803835496,0.08481116048266596
0.4451809459443256,1134.929142678513,0.08488671262387328
0.4456176823645799,1136.0295175676401,0.08496151693053357
0.4460012082474712,1136.995346767275,0.08502722985444287
0.4464206727230465,1138.0511690585881,0.08509903866898333
0.4468454838047763,1139.1199087007917,0.08517161362175571
0.4472627717683591,1140.169195911909,0.08524266200714833
0.4475648589477231,1140.9284833037564,0.08529389194465412
0.4479198100240183,1141.8202985845965,0.08535380792883085
0.4482734492258802,1142.7084508755033,0.08541314470536565
0.4486311068910202,1143.6063259959265,0.08547272546189068
0.4489960392205539,1144.5220841872579,0.08553300258157916
0.4493693432865487,1145.4584576269408,0.08559404200257506
0.4497518241276215,1146.4174419790725,0.08565584676712704
0.4501440734198523,1147.4004950476738,0.08571836089519894
0.4505468098756292,1148.4093904918918,0.08578152549787137
0.4509605546066863,1149.4454044385348,0.08584522175134801
0.4513859552496613,1150.510127720001,0.0859093202472723
0.4518237504925905,1151.6053765114848,0.08597367156031871
0.4522541958267206,1152.6817554303343,0.08603519896101351
0.4526363731951371,1153.637041186481,0.08608826030534383
0.4530512177869368,1154.6735706057043,0.08614406580435559
0.4534712570823191,1155.7226523787467,0.0861985408527403
0.4539003127540607,1156.7938192950242,0.08625193572833509
0.4543176391407029,1157.8352922641607,0.08630155359334372
0.4546447538339064,1158.6513574906458,0.08633876264767334
0.4550110435649698,1159.5648718824596,0.08637858918456279
0.4553795983862886,1160.4837411996814,0.0864166190758359
0.4557527738853139,1161.4138375205475,0.0864529474378394
0.456133179449972,1162.3616583834846,0.08648763732278268
0.456511198313029,1163.3032452439184,0.08651967953726784
0.4568891641444685,1164.244422177515,0.08654920850330311
0.4572963371670749,1165.258027363343,0.08657812534320808
0.4577532874973711,1166.3951885272472,0.0866068851724905
0.4582131296768583,1167.5391793983545,0.0866317654957802
0.4586873343873391,1168.7185333201996,0.08665303364609007
0.4590864121722927,1169.7107695578034,0.08666739787536755
0.4595098971632823,1170.7634275987639,0.08667903687673237
0.4599297669330248,1171.8068458529287,0.08668685969207435
0.4603557667333099,1172.865254020293,0.0866909640417037
0.4607846133133647,1173.9305016257258,0.08669116035334679
0.4611985254407313,1174.9584441928819,0.08668758521281243
0.4615325466340046,1175.7878396048109,0.0866819984457616
0.461909347691136,1176.7233202097686,0.08667280366968962
0.46228466113482,1177.654970206473,0.0866606082747567
0.4626643156897176,1178.5972675839075,0.08664520996007084
0.4630486307411948,1179.551011683201,0.08662652487323534
0.4634453853118941,1180.5355115197344,0.08660401101397716
0.4638474094111025,1181.5329808161532,0.0865779272625538
0.4642692102301824,1182.5794181394467,0.08654710772023866
0.4647203853693185,1183.6986333515542,0.08651035733157111
0.465185677687808,1184.8527843353058,0.08646853035924923
0.4655710067792862,1185.808537972487,0.08643101905991002
0.4659773118271528,1186.8162850556855,0.0863888012845039
0.4664040835103638,1187.8747723891684,0.08634169965249013
0.4668470684420889,1188.9734653077885,0.08629005466055809
0.4672972295906348,1190.0899687011133,0.08623497382542908
0.4677470863382511,1191.2057488445025,0.08617762388751354
0.4681592795240276,1192.2281567650407,0.08612333955081347
0.4684968463860633,1193.0655037413708,0.08607784510080708
0.4688763353811027,1194.0068974016503,0.08602580158738712
0.4692537897897239,1194.9433154276994,0.08597332423782075
0.4696334549731406,1195.8853019778653,0.08592007513538905
0.4700263059372803,1196.860104972393,0.08586477128540498
0.4704065812337877,1197.8038136442083,0.0858113277215976
0.4708447980252987,1198.8914630127001,0.08575023296548571
0.471263572380445,1199.9310230354167,0.08569275169415212
0.4717288639040287,1201.0862672086332,0.08563043877095458
0.4722087845728221,1202.2780875987864,0.08556849082950851
0.4726092185311654,1203.2727277607119,0.08551909084864547
0.4730351516378123,1204.3309360568564,0.08546930536828716
0.4734774520513877,1205.4300769148867,0.08542113856033727
0.4739416381211548,1206.5839190774714,0.08537506129818992
0.4744081062989465,1207.7437788787993,0.08533401949344757
0.4748503842324264,1208.8438286786968,0.0853005836539948
0.4751950958953775,1209.7014480687667,0.08527859205327722
0.4755679359282629,1210.6292960926949,0.08525915875263787
0.4759431299566211,1211.5632717802964,0.0852445021734853
0.4763060396967108,1212.46693510381,0.0852353158830802
0.4766613387345268,1213.3519109778845,0.08523137465930186
0.4770312978587415,1214.2736886664188,0.08523288060749107
0.4774158991755744,1215.2322686179978,0.08524084211620828
0.4778162423904295,1216.2304419146403,0.08525640532074161
0.4782418387631529,1217.2919927215007,0.08528148741892619
0.4786580877442184,1218.3306546185213,0.0853149178645868
0.4790660191894965,1219.3489831875377,0.08535656921492182
0.4794187017258463,1220.2297381321332,0.08539991872462435
0.4798058252446426,1221.1968810018316,0.08545557449749884
0.4801965868249862,1222.173524122254,0.08552054485215894
0.4805946864954099,1223.1689428460177,0.085596038246614
0.4810019201347337,1224.1876656344393,0.08568317885732646
0.4814194030501241,1225.232527324848,0.08578310490973978
0.4818480941794603,1226.30597873656,0.08589702458710964
0.4822827389703655,1227.3949070981434,0.08602435003406504
0.4827190715334343,1228.4886521033986,0.08616421362241555
0.4830648642676624,1229.3558693829418,0.08628364215669579
0.4834460496559223,1230.3122926287215,0.08642407618675325
0.4838265334173423,1231.2674272939985,0.08657338582200044
0.4842144096344216,1232.2416120240432,0.08673490695495707
0.4845821671724648,1233.165732897447,0.08689661801932756
0.4849872610232857,1234.184206723594,0.0870842391083909
0.4854002241139394,1235.2230472139145,0.08728552465714269
0.4857368918058924,1236.0704009918045,0.08745691690844687
0.4861157846311677,1237.024508930901,0.08765741060338805
0.4864918783274699,1237.9720744961232,0.08786412450505171
0.4868659699678456,1238.9151013550636,0.08807704910032224
0.4872478393499111,1239.878259636971,0.08830158388940701
0.4876386019228039,1240.8644025208705,0.08853846594530539
0.4880389656459165,1241.8753614973866,0.08878818498981608
0.4884496336458765,1242.9129613869045,0.08905118642114336
0.4888713101044624,1243.9790354965899,0.08932785605179742
0.4893046598111555,1245.0753235705452,0.08961848427536954
0.4897497622035288,1246.2020892173769,0.08992284715064411
0.4901917004099798,1247.3215968685217,0.0902300734482915
0.4905392438199876,1248.202514782657,0.09047462366357156
0.490925852466717,1249.1830007383996,0.09074913003770996
0.4913110676687439,1250.1605301804102,0.09102463482895552
0.4916839652187987,1251.1073526937962,0.09129262811067372
0.4920691057502255,1252.0858311684788,0.09157014458736275
0.4923602083837838,1252.825784130011,0.09178000073743355
0.4927042064065225,1253.7006192688768,0.09202767918672056
0.4930516953305447,1254.5848027334941,0.09227708025568376
0.4934048810115982,1255.48396615612,0.09252926660086809
0.4937651802121497,1256.4017428447514,0.09278465770959006
0.4941335009116409,1257.340477232794,0.09304323321330348
0.494510493810575,1258.3018630349634,0.09330469627892582
0.4948966601196792,1259.2872166285106,0.09356855349304885
0.4952925531392152,1260.297990856312,0.09383424164429362
0.4956987452616718,1261.3356911609771,0.09410109418657574
0.4961158185315728,1262.4018516576398,0.09436832876339502
0.4965444464073899,1263.4982444795332,0.094635083113331
0.4969853122562934,1264.6266718752122,0.09490035308805823
0.4974392187246729,1265.789246557606,0.09516304499201235
0.4979070357244839,1266.988259387941,0.09542192824641399
0.4983625468663475,1268.1565146619141,0.09566172388828835
0.498706264084179,1269.0385567477533,0.09583426640636872
0.4990286061254404,1269.8661381237962,0.09598927648893472
0.4993771994654625,1270.761540294494,0.09614930163287536
0.4997243220982613,1271.653597569244,0.09630061500066736
0.5000753796681529,1272.5562017460234,0.09644533414005653
0.5004326132345505,1273.4751286914125,0.09658389534166258
0.5007972467949302,1274.4135468910608,0.0967161898086841
0.5011697495089563,1275.372686451874,0.09684175816992885
0.5015515057543778,1276.3561376473117,0.0969604030118196
0.5019429584910483,1277.3650702485575,0.09707156912447916
0.5023445895269211,1278.4007558318444,0.0971747277265694
0.5027569402810235,1279.4646215022349,0.09726938688996616
0.5031806412304842,1280.5583261439542,0.09735512142079644
0.5036163855044047,1281.6836925980742,0.0974315848517165
0.5040648859233735,1282.8425967916673,0.09749853243042365
0.5045269858243018,1284.0372541639563,0.0975558817934486
0.5049856215136075,1285.2235526687973,0.0976021400688066
0.5053104395734267,1286.0640706736995,0.09762910137701523
0.5056268117996547,1286.8830051252899,0.09765123265013617
0.5059691989943669,1287.7695739292958,0.0976711283466145
0.5063101917107856,1288.6528277373727,0.09768735084907752
0.5066550397317972,1289.5463592812703,0.09770078909985834
0.5070061335736161,1290.4563662296878,0.09771215313975282
0.5073647406714197,1291.3861409317997,0.09772218892065822
0.5077314570829282,1292.3372372291678,0.09773176328420231
0.5081069205386881,1293.3113176902252,0.0977419136999518
0.5084916360141409,1294.3097008095128,0.09775388582900593
0.5088860634991592,1295.333588117206,0.09776916629229122
0.5092907621651319,1296.3844380872506,0.09778952378120082
0.5097063653306162,1297.4639011455429,0.09781705982447414
0.5101335314537282,1298.5736921656235,0.09785424516002404
0.5105729786667607,1299.7156798095693,0.09790399188329253
0.5110254720655885,1300.8918530816572,0.09796970100745483
0.5114918609743518,1302.1044176632486,0.09805534768351509
0.5119399677242559,1303.2696838535985,0.09815719471493133
0.5122010332903318,1303.9486589112457,0.09822629648448941
0.512545134911665,1304.843688239137,0.09832927707224973
0.5128831100014158,1305.722876642918,0.09844448060354459
0.5132232757934532,1306.607846201924,0.09857542057804099
0.5135688483997783,1307.5069539115657,0.09872475127272916
0.5139213057842851,1308.4240353554587,0.0988948908770981
0.5142815111709559,1309.3613257339748,0.09908827471197164
0.5146500255491758,1310.3202721517118,0.09930739642343872
0.5150274304229415,1311.3023729354918,0.09955494634807487
0.515414270133438,1312.3090271084702,0.09983376056038662
0.5158109834489601,1313.3413558793263,0.10014674361273042
0.5162181629184391,1314.4008770385863,0.10049702862129743
0.5166364454881578,1315.4892196530745,0.10088789378577787
0.517066505323715,1316.608104640587,0.10132272162296131
0.5175090784725652,1317.7594080151084,0.10180496846513584
0.517964948265339,1318.9451218437434,0.1023380932007852
0.5184349894838121,1320.1674678067884,0.10292552111604036
0.5188967713092487,1321.3680723085727,0.10353855359053686
0.5192890946830818,1322.3878559534214,0.10408602015832225
0.5196109730198162,1323.2243511980832,0.10455247037542331
0.519965886221422,1324.146494944841,0.10508376344534778
0.5203181493810527,1325.0615265393099,0.10562744566598785
0.5206734398838861,1325.9841752349212,0.10619088142240596
0.5210344531160452,1326.9214128281747,0.10677728165397858
0.5214027653930239,1327.8772969366119,0.10738810548956383
0.5217793358036927,1328.8542760029623,0.1080236204539507
0.5221649290905706,1329.8542875599533,0.10868344455850128
0.5225601246191937,1330.8787815649139,0.10936646110175122
0.5229660724927375,1331.9306793798605,0.11007203528124544
0.5233832466943119,1333.011140695734,0.11079774883811899
0.5238122717111707,1334.1217059613637,0.11154072561460793
0.5242538501291282,1335.2641069948386,0.11229740856516901
0.5247087567427898,1336.4402498476384,0.11306342298591972
0.5251608087099267,1337.6082280222809,0.1138059313300496
0.5255560655613886,1338.6287902514623,0.1144358614758156
0.5259711613101248,1339.6998691840463,0.1150742024173307
0.5262734509698753,1340.479398019902,0.11552199917060917
0.5266222637789453,1341.3783829211807,0.11601880958780914
0.5269693319075536,1342.2723047436211,0.11649006879201788
0.5273192197967058,1343.1728975560136,0.11694000130811397
0.5276748721892275,1344.0876985747373,0.11736971979555928
0.5280385051787657,1345.0223493230633,0.1177786859056367
0.528410884464062,1345.9787471102209,0.11816424814861862
0.5287924583212731,1346.9579642180352,0.11852335780787952
0.5291838111567685,1347.9614128081648,0.11885321576892112
0.529585439893952,1348.9902698689893,0.11915125601564203
0.529997898278226,1350.0458463849154,0.11941556232253069
0.5304218621559128,1351.1297522809482,0.11964526441701703
0.5308580369094036,1352.243657152182,0.11984099835689764
0.5313071952953808,1353.389384662889,0.12000565904585968
0.5317530825072073,1354.5253844073823,0.12014066483206665
0.5321426292364028,1355.5166810306982,0.12024421675617386
0.5325705973527243,1356.6044633117035,0.1203542833873253
0.5329853480888156,1357.6573287919018,0.12047137527275917
0.5332894671565539,1358.4285024380333,0.12057353392771976
0.5336420730627589,1359.321708194726,0.12072056059730257
0.533993396198575,1360.2106618714688,0.1209106404994365
0.5343487673564149,1361.1088174154993,0.12116294095912437
0.5347098803796367,1362.0203888166006,0.1214996191676364
0.5350791638416265,1362.9514174308888,0.1219494797383196
0.5354575499566826,1363.904143513948,0.12254709901326243
0.5358455785359539,1364.8798027216744,0.1233342873770761
0.536243810752663,1365.879669710529,0.12436173600118539
0.5366527320912903,1366.904813374852,0.1256900398223978
0.5370729738201536,1367.9566508580283,0.12739164749639367
0.5375052379271813,1369.0367556423516,0.1295522173787085
0.537950275868103,1370.1468011497655,0.132271873869005
0.5383901079057272,1371.2418447851887,0.13551460564445864
0.5387777620634001,1372.205282890527,0.1388775961662159
0.5392009590662965,1373.2551995785261,0.14313683280756992
0.5396297254765295,1374.3169165633772,0.14812491773283537
0.5400436624477045,1375.339946514916,0.15362474228598633
0.5403580608165247,1376.1156555720663,0.15827375683374384
0.54071809359324,1377.0025389570255,0.1641177493029937
0.5410799900589133,1377.8924619721356,0.17056972604891374
0.5414473853835872,1378.7942890847144,0.17772929485954833
0.5418226840627252,1379.713804513719,0.185692622169247
0.5422076487083647,1380.6551743904338,0.1945577996323211
0.5425903051275996,1381.5890337688907,0.20408194014973632
0.5429704078693551,1382.5147878045573,0.21425661368124868
0.5433731932740563,1383.4937142310382,0.22582625640393317
0.5437938468798752,1384.5137517869643,0.23878612410680752
0.5442593910425516,1385.639835157329,0.25418763212497314
0.5447102474220722,1386.7275252055724,0.27017772311753596
