yaw_change,time
0,0
0.007785428424347351,1.0
0.015283953375854375,2.0
0.022523289073496724,3.0
0.029718019421882274,4.0
0.03662804917139309,5.0
0.04518112907124277,6.0
0.05112856915901451,7.0
0.058273372558310194,8.0
0.06605832088394255,9.0
0.0743643739050792,10.0
0.0827725574121802,11.0
0.09102904648394337,12.0
0.09933021607712479,13.0
0.10770774003182083,14.0
0.11653972373684832,15.0
0.1252335921801041,16.0
0.13218434349752667,17.0
0.14041538926562713,18.0
0.14899360774648945,19.0
0.15802672923196143,20.0
0.1673521862816688,21.0
0.1768248357458707,22.0
0.18622723440757327,23.0
0.19590029111678983,24.0
0.20582212269696915,25.0
0.21422519382492064,26.0
0.22194121927434513,27.0
0.23033336052142886,28.0
0.23896839680503265,29.0
0.24783418187132095,30.0
0.2567571116122464,31.0
0.26706934878720606,32.0
0.27715568782956984,33.0
0.2874069175583518,34.0
0.29724286266992933,35.0
0.3062237751025639,36.0
0.31595320336420984,37.0
0.3258575856289302,38.0
0.33594632449918194,39.0
0.34617914621199974,40.0
0.3563025721105366,41.0
0.36640311530988856,42.0
0.37672144587451406,43.0
0.3863098852838203,44.0
0.3963220553898664,45.0
0.4054825153336852,46.0
0.415161903979068,47.0
0.4265412882673942,48.0
0.43623466221358603,49.0
0.4459777329440817,50.0
0.455764072804239,51.0
0.4648160906140911,52.0
0.47462105839569474,53.0
0.48484350105300694,54.0
0.4951799242685438,55.0
0.5045079361440873,56.0
0.5161115258902502,57.0
0.5272887006809173,58.0
0.5376710408428439,59.0
0.5489884997672869,60.0
0.5600018368187352,61.0
0.5710993567906258,62.0
0.5819845900274414,63.0
0.5936250589585621,64.0
0.6050060937605837,65.0
0.6165078183930808,66.0
0.6277113108931546,67.0
0.6391717636450454,68.0
0.650607754517049,69.0
0.661650511138024,70.0
0.6738030344331104,71.0
0.685546915221393,72.0
0.6973962848057031,73.0
0.709347666888516,74.0
0.720875180532495,75.0
0.7327009181509744,76.0
0.7447713925438829,77.0
0.7567992694337146,78.0
0.7689286354557534,79.0
0.7811495543228634,80.0
0.7934517396776352,81.0
0.8058230837207561,82.0
0.8167063965837358,83.0
0.8302778028107399,84.0
0.8427386337971485,85.0
0.8552722648236873,86.0
0.8678743369190143,87.0
0.8805304496209261,88.0
0.892639977428451,89.0
0.9049108525792385,90.0
0.9172695663743627,91.0
0.9292509921223848,92.0
0.9413720849692104,93.0
0.952504894226145,94.0
0.9669527145704402,95.0
0.9811104651153342,96.0
0.9939892314775981,97.0
1.0071784959781298,98.0
1.0204113730034474,99.0
1.033668546628516,100.0
1.046843141002884,101.0
1.0607265666232766,102.0
1.0736261214496643,103.0
1.087518091370557,104.0
1.1011347386787966,105.0
1.114714732720047,106.0
1.127850839117439,107.0
1.14244424998553,108.0
1.156463020172768,109.0
1.169480802090427,110.0
1.1827223379652063,111.0
1.1948734358115174,112.0
1.209090918085704,113.0
1.222382050714008,114.0
1.2351963509938082,115.0
1.2484944066727206,116.0
1.2615339073139682,117.0
1.2747340359506059,118.0
1.2877334896749812,119.0
1.3010967553827861,120.0
1.3139909506053873,121.0
1.3264842514575037,122.0
1.3401471501625881,123.0
1.3538627550370785,124.0
1.3681034860031882,125.0
1.3810890470757418,126.0
1.3938382888935053,127.0
1.4090186562557463,128.0
1.4222250947868078,129.0
1.4354401556696281,130.0
1.4516427403004406,131.0
1.4656295411467906,132.0
1.4797965630100678,133.0
1.4889528829842689,134.0
1.5028730697024342,135.0
1.5179743755457573,136.0
1.5322300906792936,137.0
1.546060876251831,138.0
1.5584020194972195,139.0
1.5671077489049698,140.0
1.5852217006077294,141.0
1.6016994887759122,142.0
1.616980009177522,143.0
1.6301779721032053,144.0
1.6433046292144573,145.0
1.6574049410191196,146.0
1.6725985256783693,147.0
1.6872025744665111,148.0
1.7014921171787796,149.0
1.715116685349676,150.0
1.7297522132263927,151.0
1.7436202738034718,152.0
1.7588387885945873,153.0
1.774581798274552,154.0
1.7899158657028742,155.0
1.8061673223046573,156.0
1.8224710676134044,157.0
1.8352185165933417,158.0
1.850485313354301,159.0
1.867012470118269,160.0
1.8813663259162257,161.0
1.8970773506506535,162.0
1.9122196397620443,163.0
1.928194645565156,164.0
1.943020364619789,165.0
1.9586825960579692,166.0
1.9745884822000448,167.0
1.9910009696363746,168.0
2.00748446996702,169.0
2.0234352709060803,170.0
2.039529360883312,171.0
2.0558058521850606,172.0
2.072333981592838,173.0
2.0889481591267245,174.0
2.104246068372464,175.0
2.122305087376051,176.0
2.1386521627773427,177.0
2.155161702240806,178.0
2.172915030022296,179.0
2.1897215643640062,180.0
2.2045221230609187,181.0
2.2226323975784634,182.0
2.240372452902949,183.0
2.25729574713617,184.0
2.2740535320379105,185.0
2.2910196546154347,186.0
2.3072358921869363,187.0
2.32529738335014,188.0
2.342246429660055,189.0
2.3592557644231977,190.0
2.376344011937658,191.0
2.3928120795115935,192.0
2.4093660175444365,193.0
2.425355670348055,194.0
2.4409733399892253,195.0
2.459561132881755,196.0
2.4760905718341513,197.0
2.493966472462602,198.0
2.5114975985521846,199.0
2.528403200307202,200.0
2.5471642690515073,201.0
2.5639053846609987,202.0
2.582226899664388,203.0
2.59944755434206,204.0
2.618377004254442,205.0
2.636035086622254,206.0
2.653995148224114,207.0
2.670829345682863,208.0
2.690672131901949,209.0
2.7091670300619675,210.0
2.7270873396232633,211.0
2.7463349423450802,212.0
2.7635272059755858,213.0
2.784534243686829,214.0
2.802296157729305,215.0
2.8197807408405033,216.0
2.8371533660853046,217.0
2.8556894147435696,218.0
2.8717273619008448,219.0
2.888399522288743,220.0
2.9087267968478674,221.0
2.9274344698705734,222.0
2.9451893442899886,223.0
2.961023196283291,224.0
2.9769526360194436,225.0
2.9921515239348317,226.0
3.012324850695731,227.0
3.0299423748771317,228.0
3.0497050425946552,229.0
3.0654296117870152,230.0
3.0856172882793635,231.0
3.099774465828875,232.0
3.1137929020821633,233.0
3.12788977124417,234.0
3.1473842628112503,235.0
3.164051080669173,236.0
3.1806901586615637,237.0
3.199600756655685,238.0
3.218959545578396,239.0
3.2378067181360324,240.0
3.2545845707004464,241.0
3.2717674807782586,242.0
3.29217294068507,243.0
3.3086550098683585,244.0
3.327061817861176,245.0
3.3452202052275575,246.0
3.3653188082104375,247.0
3.38192412524466,248.0
3.4009560583659484,249.0
3.419601650834612,250.0
3.43947568939737,251.0
3.458566254936785,252.0
3.4758489460150592,253.0
3.494670492705089,254.0
3.514551779784482,255.0
3.5336200750874576,256.0
3.5529776760751925,257.0
3.5705042936330567,258.0
3.590608523571429,259.0
3.6095673059495375,260.0
3.6286741460379135,261.0
3.64883062696398,262.0
3.665496169138486,263.0
3.6836540280416665,264.0
3.7039302481793093,265.0
3.7223053011303895,266.0
3.7419474517654177,267.0
3.758710564819368,268.0
3.7757964702153797,269.0
3.795714214292873,270.0
3.814330628479183,271.0
3.831376648206668,272.0
3.851587409382219,273.0
3.8723167878015983,274.0
3.891460961046651,275.0
3.910631591424685,276.0
3.928334763483632,277.0
3.950189085329908,278.0
3.9693869274981197,279.0
3.988451762410282,280.0
